영업상태명,전화번호,지번주소,도로명주소,사업장명,최종수정일자,데이터갱신구분,데이터갱신일자,업태구분명,좌표정보(X),좌표정보(Y),위생업태명,별점,리뷰개수,카테고리,메뉴
영업/정상,02 0965 6790,서울특별시 동대문구 이문동 305-59번지,서울특별시 동대문구 휘경로 12 (이문동),24시해장국,20200000000000.0,I,59:59.0,한식,205341.6738,454835.6676,한식,2.9,72,감자탕,"{'감자탕 (대)': '35,000', '감자탕 (중)': '30,000', '감자탕 (소)': '22,000', '뼈다귀찜 (대)': '38,000', '뼈다귀찜 (중)': '33,000', '뼈다귀찜 (소)': '26,000', '닭도리탕 (대)': '35,000', '닭도리탕 (중)': '30,000', '닭도리탕 (소)': '22,000', '뼈다귀해장국': '7,000'}"
영업/정상,02  957 3876,서울특별시 동대문구 이문동 288-4번지,서울특별시 동대문구 이문로 118 (이문동),광주회관,20200000000000.0,I,59:59.0,한식,205308.8444,454979.3372,한식,3.9,8,한식,"{'묵은지삼겹살': '15,000', '갈치조림': '30,000', '제육볶음': '11,000', '김치찌개': '8,000', '꼬막비빔밥': '13,000'}"
영업/정상,02 9662732,서울특별시 동대문구 이문동 255-251번지 1층,서울특별시 동대문구 신이문로 4 1층 (이문동),진성각,20200000000000.0,U,40:00.0,회집,205446.2949,455613.6139,회집,2.5,1,중화요리,{}
영업/정상,02 9634704,서울특별시 동대문구 이문동 289-1번지,서울특별시 동대문구 휘경로 9 (이문동),비스마르크,20200000000000.0,I,59:59.0,호프/통닭,205358.3425,454870.4161,호프/통닭,4.0,0,"호프,요리주점",{}
영업/정상,02 9657302,서울특별시 동대문구 이문동 289-1,서울특별시 동대문구 휘경로 9 (이문동),메이퀸,20200000000000.0,U,00:00.0,한식,205358.3425,454870.4161,,2.0,1,와인바,{}
영업/정상,02 9672384,서울특별시 동대문구 이문동 287-44번지,서울특별시 동대문구 이문로28길 8 (이문동),그린치킨닥터,20200000000000.0,I,59:59.0,한식,205247.9211,454828.8398,한식,2.6,14,닭요리,"{'양념스테이크': '6,000', '치킨스테이크': '6,000', '바베큐한마리': '14,000', '바베큐반마리': '11,000', '콘버터': '2,000'}"
영업/정상,02 9648857,서울특별시 동대문구 이문동 305-3번지,서울특별시 동대문구 휘경로2가길 1 (이문동),고흥소곱창,20200000000000.0,U,40:00.0,한식,205318.2373,454803.0843,한식,4.2,20,"곱창,막창","{'소곱창 (1인분)': '22,000', '소막창 (1인분)': '20,000', '소대창 (1인분)': '20,000', '부추생삼겹 (1인분)': '13,000', '냉삼겹 (1인분)': '7,500'}"
영업/정상,02 9599028,서울특별시 동대문구 이문동 175-20번지,서울특별시 동대문구 한천로 441 (이문동),아사원,20200000000000.0,I,59:59.0,한식,205885.31600000000,455303.3716,한식,5.0,2,중화요리,{}
영업/정상,02 9603701,서울특별시 동대문구 이문동 305-73번지 1층,서울특별시 동대문구 휘경로2길 3 1층 (이문동),청년다방,20200000000000.0,U,40:00.0,통닭(치킨),205336.4196,454824.8275,통닭(치킨),2.1,15,떡볶이,"{'통큰오짱 떡볶이': 0, '차돌 떡볶이': 0, '멘치카레밥': 0, '불향가득차돌덮밥': 0, '청년돈가스': 0, '꼬치어묵탕': 0, '찰순대': 0, '다모아튀김': 0}"
영업/정상,02 32952897,서울특별시 동대문구 이문동 288-55번지,서울특별시 동대문구 이문로28길 9 (이문동),신통일부대찌개,20100000000000.0,I,59:59.0,호프/통닭,205268.2082,454831.4639,호프/통닭,4.6,15,"찌개,전골","{'부대찌개': '6,500', '부대찌개 (1인분)': '8,000'}"
영업/정상,02 9592227,서울특별시 동대문구 이문동 305-61번지 (휘경로 14),서울특별시 동대문구 휘경로 14 (이문동(휘경로 14)),볼텍스,20100000000000.0,I,59:59.0,호프/통닭,205363.8173,454822.4609,호프/통닭,0.0,0,양식,{}
영업/정상,02 9649125,서울특별시 동대문구 이문동 305-64번지,서울특별시 동대문구 휘경로 18-1 지하1층 (이문동),비스트리트,20200000000000.0,U,40:00.0,정종/대포집/소주방,205394.3349,454804.2844,정종/대포집/소주방,0.0,0,한식,{}
영업/정상,,서울특별시 동대문구 이문동 288-54번지,서울특별시 동대문구 이문로28길 11 (이문동),술독에빠진기린,20200000000000.0,I,59:59.0,한식,205276.6836,454821.9387,한식,4.5,8,0,{}
영업/정상,02 9659295,서울특별시 동대문구 이문동 305-76번지 1층,서울특별시 동대문구 휘경로2길 5-6 1층 (이문동),밥한술,20200000000000.0,U,40:00.0,한식,205346.6186,454801.76,한식,0.0,1,"호프,요리주점","{'A set': '28,000', 'B set': '29,000', 'C set': '29,000', '두부김치': '12,000', '감자튀김': '7,000', '기운찬고기칼국수': '5,000', '김치찌개': '12,000', '닭갈비덮밥': '5,500', '닭볶음탕': '19,000', '닭한마리': '19,000', '반건조오징어': '8,000', '비빔칼국수': '5,000', '소고기덮밥': '6,500', '순살바삭치킨': '12,000', '어묵탕': '10,000', '왕만두': '3,000', '쭈삼떡': '14,000', '치즈스틱': '7,000', '치킨스테이크': '13,000', '통오징어튀김': '8,000', '한치': '8,000', '': ''}"
영업/정상,02 9680256,서울특별시 동대문구 이문동 292-170번지,서울특별시 동대문구 이문로30길 1 (이문동),장수식당,20200000000000.0,I,59:59.0,한식,205324.22600000000,454994.2255,한식,5.0,0,한식,{}
영업/정상,02 9666224,서울특별시 동대문구 이문동 305-78번지,서울특별시 동대문구 휘경로2길 5-10 (이문동),탐스,20200000000000.0,I,59:59.0,한식,205363.8296,454792.4796,한식,5.0,1,"호프,요리주점","{'모듬치즈&나쵸': '12,000'}"
영업/정상,02 9673110,서울특별시 동대문구 이문동 305-71번지,서울특별시 동대문구 휘경로2길 5-7 (이문동),도란도란곱창,20200000000000.0,I,59:59.0,한식,205358.1095,454812.1886,한식,2.9,50,"곱창,막창","{'야채곱창': '7,000', '순대볶음': '7,000', '오돌뼈': '7,000', '알곱창': '7,500', '계란말이': '8,000'}"
영업/정상,02 9692226,서울특별시 동대문구 이문동 305-84번지,,진미식당,20000000000000.0,I,59:59.0,한식,,,한식,5.0,0,한식,{}
영업/정상,02 9667672,서울특별시 동대문구 이문동 256-24번지,서울특별시 동대문구 이문로 187 (이문동),옛날칼국수,20000000000000.0,I,59:59.0,한식,205392.4694,455662.281,한식,5.0,4,국수,{}
영업/정상,,서울특별시 동대문구 이문동 305-75번지,서울특별시 동대문구 휘경로2길 5-4 (이문동),돼지왕,20200000000000.0,I,59:59.0,한식,205338.5698,454806.3761,한식,1.0,2,"육류,고기",{}
영업/정상,02 9595337,서울특별시 동대문구 이문동 288-44번지,서울특별시 동대문구 이문로28길 13 (이문동),아리랑동가스,20200000000000.0,I,59:59.0,경양식,205287.016,454810.8807,경양식,4.3,8,"돈까스,우동","{'마늘 돈까스': '5,500', '치즈 돈까스': '5,500', '치킨 까스': '5,500', '생선 까스': '6,000', '햄버그 스테이크': '6,500'}"
영업/정상,02 9637779,서울특별시 동대문구 이문동 288-43번지,서울특별시 동대문구 이문로28길 15 (이문동),세계로 식당,20200000000000.0,U,40:00.0,호프/통닭,205295.6859,454802.5512,호프/통닭,4.3,6,"호프,요리주점",{}
영업/정상,02  957 3835,서울특별시 동대문구 이문동 287-48번지,서울특별시 동대문구 이문로28길 10 1층 (이문동),외대철판마을,20200000000000.0,U,40:00.0,한식,205256.12400000000,454821.5751,한식,3.7,4,철판요리,"{'철판 삼겹살': '6,500', '철판 닭': '6,500', '철판 제육': '6,500', '철판 오징어': '8,000'}"
영업/정상,02 9692166,서울특별시 동대문구 이문동 325-12번지,서울특별시 동대문구 휘경로2길 36 1층 (이문동),미스사이공외대점,20200000000000.0,I,59:59.0,호프/통닭,205225.64,454709.0164,호프/통닭,4.0,3,베트남음식,{'분짜': 0}
영업/정상,02 9574938,서울특별시 동대문구 이문동 288-45,서울특별시 동대문구 휘경로 6-9 1층 (이문동),코코,20200000000000.0,U,09:00.0,경양식,205292.1489,454821.5558,,4.5,32,"초밥,롤","{'코코 특초밥': '14,900'}"
영업/정상,02 9571224,서울특별시 동대문구 이문동 287-39번지,서울특별시 동대문구 휘경로2길 16 1층 (이문동),(주)메이크샐러드,20200000000000.0,U,40:00.0,한식,205284.1692,454787.852,한식,3.5,32,양식,"{'수비드 닭가슴살': '5,800', '두부': '5,800', '로제 푸실리': '6,200', '그릴드 목살': '6,400', '훈제연어': '6,400'}"
영업/정상,02 9670485,서울특별시 동대문구 이문동 288-47번지,서울특별시 동대문구 휘경로 6-5 1층 (이문동),오뚜기부대찌개,20200000000000.0,I,59:59.0,한식,205302.9617,454842.394,한식,4.7,13,"찌개,전골","{'부대찌개(1인분)': '6,500'}"
영업/정상,02 9643445,서울특별시 동대문구 이문동 305-130번지,서울특별시 동대문구 휘경로2가길 4 (이문동),가야가야,20200000000000.0,I,59:59.0,한식,205322.1404,454782.4798,한식,2.0,37,일본식라면,"{'돈코츠 라멘': '7,000', '돈코츠야사이 라멘': '9,000', '돈코츠 차슈멘': '9,000', '카라이 돈코츠 라멘': '8,000', '돈코츠 미소라멘': '7,500'}"
영업/정상,02 9685455,서울특별시 동대문구 이문동 264-407번지,서울특별시 동대문구 천장산로7길 56 (이문동),그집,20200000000000.0,U,40:00.0,한식,204760.908,455110.802,한식,4.1,78,"육류,고기","{'한우차돌박이 (130g)': '12,000', '대패삼겹살 (150g)': '5,000', '소곱창전골 (1인)': '10,000', '매운갈비찜 (1인)': '9,000', '한우설렁탕': '8,000', '한우해장국': '7,000', '냉면': '6,000'}"
영업/정상,02 32954450,서울특별시 동대문구 이문동 305-132,서울특별시 동대문구 휘경로 22 (이문동),탐호프레스토랑,20200000000000.0,U,06:00.0,경양식,205431.7096,454780.3803,,0.0,0,"호프,요리주점",{}
영업/정상,02 9678351,서울특별시 동대문구 이문동 220-179번지 1층,서울특별시 동대문구 신이문로 41-1 1층 (이문동),치킨주막,20100000000000.0,I,59:59.0,통닭(치킨),205836.6765,455651.1621,통닭(치킨),0.0,0,치킨,{}
영업/정상,02 9647142,서울특별시 동대문구 이문동 288-44번지,서울특별시 동대문구 이문로28길 13 1층 (이문동),현창신동매운족발,20200000000000.0,I,59:59.0,한식,205287.016,454810.8807,한식,4.0,10,"족발,보쌈","{'반반족발 (앞다리)': '28,000', '영양족발 (앞다리)': '28,000', '영양족발 (뒷다리)': '25,000', '매운 순살족발 (앞다리)': '28,000', '매운순살족발 (뒷다리)': '25,000'}"
영업/정상,02 9658529,서울특별시 동대문구 이문동 264-210번지,서울특별시 동대문구 천장산로 31 (이문동),올(all)떡볶이,20200000000000.0,I,59:59.0,분식,205023.2558,455159.3268,분식,3.9,0,떡볶이,"{'튀김범벅': '4,500', '김가루 주먹밥': '2,500', '김치주먹밥': '2,000', '날씬 밀떡볶이': '5,000', '떡라면': '4,000', '라면': '3,000', '라볶이': '4,500', '매콤달콤떡볶이': '3,000', '매콤떡순볶음': '5,500', '밀떡볶이': '2,500', '순대': '3,000', '순대범벅': '4,500', '오뎅': '2,000', '오뎅라면': '4,000', '쫄면': '5,000', '참치마요 주먹밥': '2,000', '치즈라볶이': '5,500', '치즈매콤떡볶이': '4,000', '치즈밀떡볶이': '3,500', '튀김(5개)': '3,500', '파스타떡볶이': '5,000'}"
영업/정상,02 9630072,서울특별시 동대문구 이문동 305-71,서울특별시 동대문구 휘경로2길 5-7 (이문동),청춘국물닭발,20200000000000.0,U,07:00.0,한식,205358.1095,454812.1886,,3.0,3,한식,"{'추천\n국물닭발': '8,000'}"
영업/정상,02 9651241,서울특별시 동대문구 이문동 255-393번지,서울특별시 동대문구 신이문로 7 (이문동),밤푸스치킨,20200000000000.0,I,59:59.0,통닭(치킨),205495.6126,455643.3812,통닭(치킨),0.0,0,치킨,{}
영업/정상,02 9697733,서울특별시 동대문구 이문동 326-14번지,서울특별시 동대문구 휘경로2길 30 (이문동),외대곱창,20100000000000.0,I,59:59.0,한식,205245.3982,454737.1218,한식,5.0,1,"곱창,막창","{'곱창 (1인분)': '6,000', '순대 (1인분)': '6,000', '오돌뼈 (1인분)': '6,000', '홍합 (1인분)': '5,000'}"
영업/정상,02 9622885,서울특별시 동대문구 이문동 293-23번지,서울특별시 동대문구 이문로30길 23 (이문동),소문난집,20200000000000.0,I,59:59.0,한식,205366.6734,454914.6455,한식,0.0,0,순대,{}
영업/정상,02 9628614,서울특별시 동대문구 이문동 287-44 지하1층,서울특별시 동대문구 이문로28길 8 지하1층 (이문동),은짱스낵,20200000000000.0,U,02:00.0,한식,205247.9211,454828.8398,,0.0,0,"호프,요리주점",{}
영업/정상,02 9660867,서울특별시 동대문구 이문동 287-50,서울특별시 동대문구 이문로28길 12 (이문동),딱이야2,20200000000000.0,U,04:00.0,한식,205263.0737,454815.6237,,5.0,3,실내포장마차,{}
영업/정상,02  959 9990,서울특별시 동대문구 이문동 345-7번지,서울특별시 동대문구 이문로9길 8 (이문동),맛나분식,20200000000000.0,I,59:59.0,분식,205003.1603,454519.5473,분식,3.0,0,분식,{}
영업/정상,02 9646819,서울특별시 동대문구 이문동 220-302번지,서울특별시 동대문구 신이문로28길 4 (이문동),등대횟집,20200000000000.0,I,59:59.0,한식,205830.8678,455605.2651,한식,5.0,0,회,{}
영업/정상,02 9648259,서울특별시 동대문구 이문동 288-55번지,서울특별시 동대문구 이문로28길 9 2층 (이문동),깐띤,20200000000000.0,I,59:59.0,분식,205268.2082,454831.4639,분식,3.8,14,동남아음식,"{'등뼈 쌀국수': '6,500', '우삼겹 쌀국수': '7,000', '매운 등뼈': '7,000', '분짜': '7,500', '껌스언': '6,500'}"
영업/정상,02 9672827,서울특별시 동대문구 이문동 288-68번지 1~2층,서울특별시 동대문구 휘경로 3-4 1~2층 (이문동),더치앤빈,20200000000000.0,U,40:00.0,경양식,205305.2216,454906.027,경양식,4.4,149,카페,{}
영업/정상,02 32955900,서울특별시 동대문구 이문동 341-18,서울특별시 동대문구 이문로 45 12층 (이문동),히노하루,20200000000000.0,U,01:00.0,일식,204941.1023,454356.4008,,0.0,0,한식,{}
영업/정상,02 9650172,서울특별시 동대문구 이문동 283-6 1층,서울특별시 동대문구 이문로25길 22 1층 (이문동),행복한한끼,20200000000000.0,U,05:00.0,한식,205074.9073,454818.3147,,4.5,11,"해물,생선","{'고등어구이': '7,500', '김치고등어조림': '7,500', '돼지 석쇠불고기': '7,000', '고추장 석쇠불고기': '7,000', '쭈꾸미 볶음': '8,000'}"
영업/정상,02 9668955,서울특별시 동대문구 이문동 305-77번지 1층,서울특별시 동대문구 휘경로2길 5-8 1층 (이문동),서래갈매기살,20200000000000.0,I,59:59.0,한식,205354.8908,454797.3365,한식,1.0,1,"육류,고기","{'갈매기살': 0, '우삼겹': 0, '매운 갈매기살': 0, '삼겹살': 0, '목살': 0, '돼지 막창': 0, '껍데기': 0, '항정살': 0, '물냉면': 0, '비빔 냉면': 0}"
영업/정상,02 9630209,서울특별시 동대문구 이문동 316-1번지,서울특별시 동대문구 휘경로2길 17 (이문동),1988,20200000000000.0,U,40:00.0,한식,205301.4104,454775.6082,한식,1.0,1,"호프,요리주점","{'찹스테이크': '19,000', '육전': '19,000', '통오징어+감자튀김': '15,000', '감바스(바게트3개)': '13,000', '베이컨숙주볶음': '12,000'}"
영업/정상,02 4705322,서울특별시 동대문구 이문동 255-340번지,서울특별시 동대문구 이문로43라길 14 (이문동),자매분식,20200000000000.0,I,59:59.0,분식,205252.4402,455484.4082,분식,0.0,0,분식,"{'부산수제어묵탕': '4,000', '순대': '4,000', '모듬튀김': '5,500', '2인세트': '19,500', '떡볶이 2인 (매운맛)': '11,000', '치킨떡볶이 2인': '12,000', '콜라 500ml': '2,000', '사이다 500ml': '2,000', '닥터페퍼 355ml': '2,000', '피크닉 200ml': '800', '피크닉 200ml (3개)': '2,000', '쿨피스 960ml': '2,000', '주먹밥': '4,000', '치킨가라아게': '4,500', '고구마튀김 (2개)': '1,500', '단호박튀김 (3개)': '1,500', '야채튀김 (2개)': '1,500', '한입고추튀김 (3개)': '1,500', '만두튀김 (5개)': '1,500', '오징어튀김 (2개)': '1,500', '새우튀김 (3개)': '1,500', '': ''}"
영업/정상,02 9633392,서울특별시 동대문구 이문동 349-11번지,서울특별시 동대문구 이문로9길 105 1층 (이문동),나폴리식당,20200000000000.0,I,59:59.0,한식,204923.5735,454945.2765,한식,5.0,7,한식,"{'제육+된장': '7,000', '제육쌈밥': '7,000', '순두부찌개': '5,000', '김치찌개': '6,500', '감자탕': '7,000'}"
영업/정상,02 9429511,서울특별시 동대문구 이문동 305-74,서울특별시 동대문구 휘경로2길 5-2 (이문동),해성닭한마리,20200000000000.0,U,09:00.0,한식,205328.0839,454812.0068,,1.5,9,닭요리,"{'반마리+칼국수': '15,000', '바지락칼국수': '7,000', '닭한마리(2인)': '22,000', '닭볶음탕(2인)': '24,000', '삼계탕': '12,000'}"
영업/정상,02 9655996,서울특별시 동대문구 이문동 287-39번지 1층,서울특별시 동대문구 휘경로2길 16 1층 (이문동),이문시장,20200000000000.0,I,59:59.0,분식,205284.1692,454787.852,분식,3.8,25,실내포장마차,"{'추억의냉삼(150g)': '4,900', '마약생삼겹(150g)': '4,900', '양념목갈비(200g)': '5,900', '껍데기(150g)': '4,900', '육회(150g)': '9,900'}"
영업/정상,02 9673728,서울특별시 동대문구 이문동 305-3번지 지하1층,서울특별시 동대문구 휘경로2가길 1 지하1층 (이문동),젠(zen),20100000000000.0,I,59:59.0,경양식,205318.2373,454803.0843,경양식,4.0,1,칵테일바,"{'칵테일': '8,000', '와인': '6,000', '위스키': '89,000'}"
영업/정상,02 9664277,서울특별시 동대문구 이문동 305-140번지,서울특별시 동대문구 휘경로 20-1 1층 (이문동),역전숯불바베큐,20200000000000.0,U,40:00.0,통닭(치킨),205417.325,454792.1955,통닭(치킨),3.0,2,치킨,"{'숯불매콤양념치킨': '15,000', '숯불소금구이치킨': '15,000', '숯불매콤반소금반': '15,000', '숯불매콤양념삼겹살': '15,000', '숯불 (반마리)': '8,000', '숯불구이 노가리': '8,000', '숯불구이 반건조오징어': '10,000', '숯불구이 육포': '12,000', '번데기탕': '8,000'}"
영업/정상,02 9679622,서울특별시 동대문구 이문동 255-229번지 1층,서울특별시 동대문구 신이문로 6 1층 (이문동),수제왕갈비,20200000000000.0,U,40:00.0,한식,205461.807,455612.2293,한식,1.0,2,한식,{}
영업/정상,02 9692080,서울특별시 동대문구 이문동 287-18번지,서울특별시 동대문구 이문로28길 16 1층 (이문동),선이네순대국,20200000000000.0,I,59:59.0,한식,205275.0729,454799.3046,한식,4.0,1,순대,"{'순대국': '7,000', '뼈해장국': '7,000', '육개장': '7,000', '술국': '12,000', '머리고기': '12,000'}"
영업/정상,02 9573076,서울특별시 동대문구 이문동 288-61번지,서울특별시 동대문구 휘경로 4-6 (이문동),닭한마리,20200000000000.0,I,59:59.0,한식,205266.8052,454862.9835,한식,2.5,1,닭요리,"{'부대찌개': '6,000', '닭도리탕': '6,000', '닭도리탕(한마리)': '15,000', '닭한마리': '10,000', '닭한마리(한마리)': '15,000'}"
영업/정상,02 9621691,서울특별시 동대문구 이문동 305-74번지 1층,서울특별시 동대문구 휘경로2길 5-2 1층 (이문동),39돈가스,20200000000000.0,I,59:59.0,한식,205328.0839,454812.0068,한식,3.5,18,"돈까스,우동","{'등심돈가스': '5,900', '안심가스': '6,900', '크림카레돈가스': '6,500', '김치돈가스': '6,500', '함박가스': '7,500'}"
영업/정상,02 9599360,서울특별시 동대문구 이문동 289-1번지 지상2층,서울특별시 동대문구 휘경로 9 2층 (이문동),주)설빙서울이문점,20200000000000.0,U,40:00.0,경양식,205358.3425,454870.4161,경양식,3.3,8,디저트카페,"{'인절미설빙': 0, '인절미토스트': 0, '블루베리치즈설빙': 0, '치즈설빙': 0, '블루베리요거트스무디': 0, '티라미수 설빙': 0, '딸기치즈메론설빙': 0, '리얼통통메론설빙': 0, '요거통통메론설빙': 0, '팥인절미설빙': 0, '애플망고치즈설빙': 0}"
영업/정상,,서울특별시 동대문구 이문동 175-19번지 (한천로443),서울특별시 동대문구 한천로 443 (이문동(한천로443)),희진,20100000000000.0,I,59:59.0,호프/통닭,205883.6963,455312.9989,호프/통닭,0.0,0,미용실,{}
영업/정상,02 60120060,서울특별시 동대문구 이문동 287-37 1층,서울특별시 동대문구 이문로28길 14 1층 (이문동),인연,20200000000000.0,U,07:00.0,한식,205263.0722,454805.2976,,5.0,2,술집,{}
영업/정상,02 9684977,서울특별시 동대문구 이문동 287-18 (이문로104-9),서울특별시 동대문구 이문로28길 16 (이문동(이문로104-9)),자매식당,20200000000000.0,U,06:00.0,한식,205275.0729,454799.3046,,5.0,1,한식,{}
영업/정상,02 9690451,서울특별시 동대문구 이문동 238-15번지 (신이문길37),서울특별시 동대문구 신이문로 21 (이문동(신이문길37)),대아,20100000000000.0,I,59:59.0,한식,205629.9983,455648.2078,한식,0.0,0,슈퍼마켓,{}
영업/정상,02 9646377,서울특별시 동대문구 이문동 180-8번지 (한천로450-1),서울특별시 동대문구 한천로 450-1 (이문동(한천로450-1)),용궁,20100000000000.0,I,59:59.0,중국식,205914.4688,455384.7939,중국식,3.7,3,중화요리,{}
영업/정상,02 9671123,서울특별시 동대문구 이문동 220-359번지 (신이문길 77),서울특별시 동대문구 신이문로 43 (이문동(신이문길 77)),진도식당,20100000000000.0,I,59:59.0,한식,205843.8523,455654.0408,한식,0.0,0,"육류,고기",{}
영업/정상,02 9650389,서울특별시 동대문구 이문동 264-222번지 (이문한길50),서울특별시 동대문구 천장산로7길 10-1 (이문동(이문한길50)),돌돌말아뽀글뽀글,20100000000000.0,I,59:59.0,분식,204977.1777,455139.0552,분식,2.3,0,한식,{}
영업/정상,02 9693709,서울특별시 동대문구 이문동 305-152번지,서울특별시 동대문구 휘경로 17 (이문동),장터분식해성만두,20200000000000.0,I,59:59.0,중국식,205420.5899,454834.7658,중국식,5.0,1,분식,{}
영업/정상,,서울특별시 동대문구 이문동 288-42번지,서울특별시 동대문구 휘경로2길 10 1층 (이문동),취향저격,20200000000000.0,I,59:59.0,통닭(치킨),205302.0149,454813.3196,통닭(치킨),0.0,4,술집,"{'딱새우회': '12,900', '스끼야끼': '9,900', '치즈계란말이': '7,900', '마약콘치즈': '3,900', '무뼈닭발볶음': '9,900'}"
영업/정상,02 9693263,서울특별시 동대문구 이문동 339-4번지 1층,서울특별시 동대문구 경희대로4길 73 1층 (이문동),따봉하우스,20200000000000.0,U,37:11.0,분식,204901.4339,454342.4334,분식,2.6,34,떡볶이,"{'즉석떡볶이 (3인분)': '10,000', '즉석떡볶이 (2인분)': '8,000', '피자떡볶이 (3인분)': '11,000', '피자떡볶이 (2인분)': '9,000'}"
영업/정상,02 9598585,서울특별시 동대문구 이문동 326-6번지 (외대풍물길24),서울특별시 동대문구 휘경로2길 28 (이문동(외대풍물길24)),토담마을,20100000000000.0,I,59:59.0,분식,205253.1899,454740.6575,분식,4.0,1,"육류,고기","{'돼지갈비': '12,000', '생삼겹살': '12,000', '생목살': '12,000', '가브리살': '12,000', '오리': '12,000'}"
영업/정상,02 9655620,서울특별시 동대문구 이문동 305-85번지,서울특별시 동대문구 휘경로2가길 5 1층 (이문동),샤로스톤,20200000000000.0,U,40:00.0,한식,205337.141,454793.80800000000,한식,4.3,29,"스테이크,립","{'살치살(180g)': '16,000', '등심(180g)': '15,000', '갈비살(200g)': '15,000', '부채살(200g)': '14,000', '규카츠(160g)': '17,000', '리코타 치즈샐러드': '8,000'}"
영업/정상,02 9653274,서울특별시 동대문구 이문동 237-8번지,서울특별시 동대문구 신이문로 34-1 1층 (이문동),영수네고기세상,20200000000000.0,U,40:00.0,식육(숯불구이),205749.5061,455614.6423,식육(숯불구이),5.0,0,"육류,고기",{}
영업/정상,,서울특별시 동대문구 이문동 326-10번지,서울특별시 동대문구 이문로 88-13 (이문동),화덕고,20200000000000.0,U,40:00.0,한식,205213.77300000000,454736.8412,한식,4.6,13,"육류,고기","{'모듬스페셜(2인)': '19,500', '가브리살(180g)': '8,500', '삼겹살(180g)': '7,500', '목살(180g)': '8,000', '고추장닭갈비(200g)': '7,000'}"
영업/정상,,서울특별시 동대문구 이문동 264-312번지,서울특별시 동대문구 이문로9가길 32 1층 (이문동),해송,20200000000000.0,I,59:59.0,한식,204897.9803,455090.651,한식,4.5,2,회,"{'해물찜': 0, '해물탕': 0}"
영업/정상,02 9624576,서울특별시 동대문구 이문동 288-79번지 1층,서울특별시 동대문구 이문로30길 22 1층 (이문동),아쿠아,20200000000000.0,U,40:00.0,한식,205348.2843,454896.2248,한식,4.3,1,"호프,요리주점",{}
영업/정상,02 9574004,서울특별시 동대문구 이문동 305-78번지 1층,서울특별시 동대문구 휘경로2길 5-10 1층 (이문동),도란도란곱창,20200000000000.0,I,59:59.0,한식,205363.8296,454792.4796,한식,2.9,50,"곱창,막창","{'야채곱창': '7,000', '순대볶음': '7,000', '오돌뼈': '7,000', '알곱창': '7,500', '계란말이': '8,000'}"
영업/정상,02 9679290,서울특별시 동대문구 이문동 237-13번지 (신이문길66),서울특별시 동대문구 신이문로 38 (이문동(신이문길66)),굽네치킨 이문점,20100000000000.0,I,59:59.0,통닭(치킨),205778.0478,455614.3935,통닭(치킨),1.0,1,치킨,"{'시카고 딥디쉬 피자+콜라대': '18,000', '페퍼로니피자+콜라대': '17,000', '고추바사삭+바게트볼+콜라1.25L': '22,000', '슈림프 시카고 딥디쉬 피자+콜라대': '21,000', '오리지널+바게트볼+콜라대': '20,000', '굽네 시카고 피자 & 갈비천왕 세트': '35,000', '굽네 시카고 피자 & 볼케이노 세트': '35,000', '갈비천왕+콜라대': '19,000', '볼케이노+콜라대': '19,000', '1마리)오+콜라대': '17,000', '갈릭마왕 반반(갈릭반/오리지널반)+콜라대': '20,000', '볼케이노치킨+에그타르트+콜라대': '22,800', '양념 히어로+콜라대': '19,000', '양념 반반+콜라대': '19,000', '갈릭마왕+콜라대': '20,000', '갈릭+페퍼로니+콜라대': '35,000', '굽네 허니멜로+콜라1.25L': '20,000', '오리지널 치트킹 세트 (매콤치즈) + 콜라대': '18,000', '오리지널 치트킹 세트 (콘스프) + 콜라대': '18,000', '굽네 고추바사삭 치트킹 세트(매콤치즈)+콜라1.25L': '20,000'}"
영업/정상,02 32952250,서울특별시 동대문구 이문동 251-7번지 (이문로201),서울특별시 동대문구 이문로 201 (이문동(이문로201)),푸른바다,20200000000000.0,U,40:00.0,호프/통닭,205387.6368,455797.4176,호프/통닭,2.0,0,약국,{}
영업/정상,02 9570171,서울특별시 동대문구 이문동 240-2번지 (신이문길23),서울특별시 동대문구 신이문로 13 (이문동(신이문길23)),초롱이네,20100000000000.0,I,59:59.0,정종/대포집/소주방,205545.2465,455645.1076,정종/대포집/소주방,0.0,0,술집,{}
영업/정상,02 9613663,서울특별시 동대문구 이문동 324-49번지,서울특별시 동대문구 이문로 83 (이문동),주수사,20100000000000.0,I,59:59.0,일식,205120.1837,454701.8569,일식,3.7,8,"초밥,롤","{'특모듬초밥': '20,000', '모듬초밥': '15,000', 'A 코스': '35,000', 'B 코스': '25,000', '장어초밥': '21,000', '광어초밥': '21,000', '연어초밥': '18,000'}"
영업/정상,02 9652946,서울특별시 동대문구 이문동 288-18번지 (문일길8),서울특별시 동대문구 이문로30길 8 (이문동(문일길8)),명가식당,20100000000000.0,I,59:59.0,한식,205319.9252,454967.5062,한식,5.0,5,한식,"{'굴콩나물국밥': '7,000', '황태해장국': '7,000', '굴순두부': '7,000', '제육+쌈-2인이상': '8,000', '녹두반계탕(국내산)': '8,000', '콩비지': '7,000', '양푼이 비빔밥': '7,000', '김치찌개': '7,000', '된장찌개': '7,000', '냉면': '6,000', '녹두삼계탕(국내산)': '13,000', '뚝배기불고기': '7,000'}"
영업/정상,02 9643388,서울특별시 동대문구 이문동 319-3번지 1층외 1필지(이문동 321-101),서울특별시 동대문구 이문로 64-7 1층 (이문동 외 1필지(이문동 321-101)),할매토지,20100000000000.0,I,59:59.0,한식,205076.9924,454490.0855,한식,3.0,0,한식,{}
영업/정상,02 9697058,서울특별시 동대문구 이문동 305-2번지 (휘경로13),서울특별시 동대문구 휘경로 13 (이문동(휘경로13)),김밥천국,20100000000000.0,I,59:59.0,분식,205383.0869,454857.9114,분식,2.2,1,분식,{}
영업/정상,02 9622234,서울특별시 동대문구 이문동 305-3번지 (외대풍물길9),서울특별시 동대문구 휘경로2가길 1 (이문동(외대풍물길9)),한지창에고인달빛,20100000000000.0,I,59:59.0,분식,205318.2373,454803.0843,분식,0.0,1,술집,{}
영업/정상,02 9675292,서울특별시 동대문구 이문동 103-11번지 (한천로 421-1),서울특별시 동대문구 한천로 421-1 (이문동(한천로 421-1)),네네치킨신이문점,20100000000000.0,I,59:59.0,통닭(치킨),205895.5867,455106.225,통닭(치킨),0.0,0,치킨,"{'레드마요치킨': '19,000', '청양마요치킨': '18,000', '스노윙치킨': '18,000', '소이갈릭치킨': '18,000', '핫블링치킨': '18,000', '오리엔탈파닭': '18,000', '후라이드': '15,000', '양념치킨': '17,000', '크리미언반+양념반+후라이드반': '27,000', '순살': '17,000', '쇼킹핫반+크리미언반+후라이드반': '28,000', '순살스노윙치킨': '20,000', '치즈스노윙반+핫블링반+후라이드반': '28,000', '순살오리엔탈파닭': '20,000', '소이갈릭반+크리미언반+후라이드반': '28,000', '순살양념치킨': '19,000', '크리미언반+핫블링반+후라이드반': '28,000', '순살크리미언치킨': '20,000', '순살핫블링치킨': '20,000', '네네순살닭강정': '18,000'}"
영업/정상,02 960 6660,서울특별시 동대문구 이문동 255-222번지,서울특별시 동대문구 신이문로 6-1 1층 (이문동),교촌치킨,20200000000000.0,U,05:00.0,호프/통닭,205714.3114,455647.3236,,3.5,0,치킨,"{'교촌허니순살[R]': '20,000', '교촌라이스': '19,000', '교촌오리지날': '15,000', '교촌콤보': '17,000', '교촌윙': '17,000', '교촌스틱': '17,000', '교촌허니오리지날': '15,000', '교촌허니콤보': '18,000', '교촌허니스틱': '18,000', '교촌레드오리지날': '16,000', '교촌레드콤보': '18,000', '교촌레드윙': '18,000', '교촌레드스틱': '18,000', '교촌반반오리지날': '16,000', '교촌반반콤보': '18,000', '교촌반반윙': '18,000', '교촌반반스틱': '18,000', '교촌후라이드': '15,000', '교촌살살치킨': '16,000', '교촌소이살살': '16,000', '교촌샐러드': '4,500', '': ''}"
영업/정상,02 9656489,서울특별시 동대문구 이문동 108-9번지,서울특별시 동대문구 한천로 427-2 (이문동),할매순대국,20200000000000.0,U,40:00.0,호프/통닭,205892.8675,455170.1846,호프/통닭,0.0,2,순대,"{'순대국': '6,000', '돼지고기김치찜': '8,000', '할매토종순대': '6,000', '순대국(특)': '7,000', '짬뽕순대국': '7,000', '영양순대국': '8,000', '육개장순대국': '7,000', '버섯순대국': '7,000', '순대해장라면': '6,000', '버섯순대해장라면': '7,000', '술국': '12,000', '뼈해장국': '7,000', '선지해장국': '6,000', '황태해장국': '7,000', '소고기국밥': '7,000', '소머리곰탕': '8,000', '소머리영양곰탕': '9,000', '할매소내장탕': '8,500', '할매추어탕': '7,000', '삼계탕': '10,000', '편육': '6,000', '': ''}"
영업/정상,02  9681122,서울특별시 동대문구 이문동 183-3 (한천로459),서울특별시 동대문구 한천로 457-1 (이문동(한천로459)),씨에프(CF)바베큐,20200000000000.0,U,05:00.0,통닭(치킨),205877.47,455459.1387,,5.0,0,치킨,{'바베큐치킨': 0}
영업/정상,,서울특별시 동대문구 이문동 287-36번지,서울특별시 동대문구 이문로 96-1 1층 (이문동),컵짱,20200000000000.0,I,59:59.0,호프/통닭,205207.5555,454791.89700000000,호프/통닭,4.7,2,닭강정,"{'컵닭 A컵': '1,000', '닭강정컵밥': '3,000', '베이컨컵밥': '3,000', '치킨마요컵밥': '3,000', '컵짱': '11,000', '월드컵': '6,000'}"
영업/정상,02 9698304,서울특별시 동대문구 이문동 64번지 쌍용아파트,서울특별시 동대문구 한천로58길 47 상가동 1층 120호 (이문동 쌍용아파트),이경규의압구정김밥,20200000000000.0,I,59:59.0,분식,205980.7722,455275.8359,분식,5.0,0,분식,{}
영업/정상,02 9606245,서울특별시 동대문구 이문동 358-3번지,서울특별시 동대문구 이문로 200 (이문동),대호호프,20100000000000.0,I,59:59.0,호프/통닭,205421.0436,455771.6201,호프/통닭,0.0,0,"호프,요리주점",{}
영업/정상,02 9679595,서울특별시 동대문구 이문동 238-16번지 1층,서울특별시 동대문구 신이문로 19-1 1층 (이문동),신선루,20100000000000.0,I,59:59.0,중국식,205620.8559,455649.3604,중국식,2.8,2,중화요리,{}
영업/정상,,서울특별시 동대문구 이문동 250-3번지 (이문로202),서울특별시 동대문구 이문로 202 (이문동(이문로202)),파라다이스,20100000000000.0,I,59:59.0,호프/통닭,205422.1687,455803.0288,호프/통닭,0.0,0,"호프,요리주점",{}
영업/정상,,서울특별시 동대문구 이문동 316-2번지 지하1층,서울특별시 동대문구 휘경로2길 19 지하1층 (이문동),맨어바웃타운,20200000000000.0,U,40:00.0,패스트푸드,205294.1706,454765.2611,패스트푸드,5.0,3,"호프,요리주점","{'MANTA BURGER': '6,900', 'FRIED POTATO': 0}"
영업/정상,02 9575797,서울특별시 동대문구 이문동 287-18번지 (이문로 104-9),서울특별시 동대문구 이문로28길 16 (이문동(이문로 104-9)),마루기,20200000000000.0,I,59:59.0,호프/통닭,205275.0729,454799.3046,호프/통닭,4.2,23,일본식라면,"{'쇼유라멘': '7,500', '미소라멘': '7,500', '카라이시오라멘': '7,500', '가츠동': '7,500', '치킨가츠동': '7,500'}"
영업/정상,02  9633313,서울특별시 동대문구 이문동 183-4번지 (한천로457),서울특별시 동대문구 한천로 457 (이문동(한천로457)),24시횟집,20200000000000.0,I,59:59.0,일식,205878.0499,455446.0573,일식,5.0,0,회,{}
영업/정상,02 9699332,서울특별시 동대문구 이문동 288-46번지,서울특별시 동대문구 휘경로 6-7 1층 (이문동),본가 할머니보쌈,20200000000000.0,U,59:59.0,한식,205297.5706,454831.9729,한식,4.6,18,"족발,보쌈","{'김치보쌈 (중)': '26,000', '굴보쌈 (계절)': '37,000', '모둠보쌈': '48,000', '보쌈정식': '7,000', '고기 순대': '5,000'}"
영업/정상,02 9669294,서울특별시 동대문구 이문동 363-9번지 1층,서울특별시 동대문구 휘경로3길 6 1층 (이문동),회기농장,20200000000000.0,I,59:59.0,한식,205439.8724,454843.2417,한식,5.0,5,"육류,고기","{'생삼겹살(200g)': '13,000', '항정살(200g)': '14,000', '불낙전골(2인)': '20,000', '제육덮밥': '7,000', '순두부': '6,000'}"
영업/정상,02 9626671,서울특별시 동대문구 이문동 217-12번지,서울특별시 동대문구 한천로 483 (이문동),삼순이시골감자탕,20100000000000.0,I,59:59.0,한식,205847.0812,455716.5568,한식,5.0,1,감자탕,"{'삼순이 시골 감자탕(소)': '24,000', '삼순이 시골 감자탕(중)': '29,000', '삼순이 매콤 감자탕(소)': '24,000', '삼순이 돌판 해물뼈찜': '35,000', '삼순이 시골 뚝배기': '7,000'}"
영업/정상,,서울특별시 동대문구 이문동 288-61번지,서울특별시 동대문구 휘경로 4-6 (이문동),달콤한이층,20100000000000.0,I,59:59.0,호프/통닭,205266.8052,454862.9835,호프/통닭,4.3,14,카페,"{'에스프레소 (HOT)': '2,500', '에스프레소 꼼빠냐 (HOT)': '3,000', '아메리카노 (HOT)': '2,900', '아메리카노 (ICE)': '3,300', '카페라떼 (HOT)': '3,500', '카페라떼 (ICE)': '3,800', '카푸치노 (HOT)': '3,500', '카푸치노 (ICE)': '3,800', '바닐라라떼 (HOT)': '3,700', '바닐라라떼 (ICE)': '3,900', '모카라떼 (HOT)': '3,700', '모카라떼 (ICE)': '3,900', '카라멜 마끼아또 (HOT)': '3,700', '카라멜 마끼아또 (ICE)': '3,900', '아이스티': '3,900', '유자스무디 (ICE)': '4,900', '요거 스무디 (ICE)': '4,500', '블루베리 스무디 (ICE)': '4,900', '아포가토 (ICE)': '3,900', '그린티라떼 (HOT)': '3,900'}"
영업/정상,02 64078864,서울특별시 동대문구 이문동 326-5번지 1층,서울특별시 동대문구 이문로 92 1층 (이문동),오븐마루,20200000000000.0,U,40:00.0,통닭(치킨),205188.3196,454743.5473,통닭(치킨),1.0,2,치킨,{}
영업/정상,,서울특별시 동대문구 이문동 304-24번지 1층,서울특별시 동대문구 휘경로5길 6 1층 (이문동),국빈,20200000000000.0,I,59:59.0,한식,205467.7617,454818.1656,한식,3.0,2,중화요리,"{'볶음짬뽕': '7,500', '볶짜면': '8,500', '탕볶밥': '10,000', '짜장면': '5,500', '짬뽕': '7,000', '삼선누룽지탕': '20,000', '삼선매운짜장': '90,000', '육해공짬뽕': '9,500', '해장짬뽕': '9,500', '차돌박이짬뽕': '10,000', '홍합짬뽕': '9,000', '갈비탕': '7,500', '육개장': '7,500', '내장탕': '7,500', '물냉면': '7,000', '비빔냉면': '7,000', '콩국수': '7,000', '볶음밥': '7,000', '짜장밥': '7,000', '짬뽕밥': '7,500', '': ''}"
영업/정상,,서울특별시 동대문구 이문동 85-24번지 (외대역동길15),서울특별시 동대문구 외대역동로 79 (이문동(외대역동길15)),야미또치킨,20100000000000.0,I,59:59.0,호프/통닭,205653.5876,454788.7646,호프/통닭,0.0,0,치킨,{}
영업/정상,070 88730419,서울특별시 동대문구 이문동 78-1번지,서울특별시 동대문구 휘경로11가길 4-6 1층 (이문동),남자선지해장국,20200000000000.0,I,59:59.0,한식,205555.0316,454839.9308,한식,4.0,24,해장국,"{'선지해장국': '7,000', '뼈해장국': '7,000', '소머리국밥': '8,000', '곱창전골(소)': '15,000', '감자탕(소)': '18,000'}"
영업/정상,,서울특별시 동대문구 이문동 45번지 (이화교길63),서울특별시 동대문구 한천로58길 139 (이문동(이화교길63)),종로김밥,20200000000000.0,I,59:59.0,분식,206093.1838,455584.8723,분식,3.4,2,분식,"{'갈비만두': '4,000', '갈비탕': '6,000', '고구마돈가스': '7,000', '고기만두': '3,500', '고추김밥': '3,000', '고추비빔밥': '6,000', '군만두': '3,500', '김치김밥': '3,000', '김치만두': '3,500', '김치볶음밥': '5,500', '김치우동': '4,500', '낙지볶음밥': '5,500', '날치알김밥': '3,000', '날치알비빔밥': '6,000', '돈가스': '6,000', '돈가스김밥': '4,000', '돈가스덮밥': '6,000', '돈가스오므라이스': '7,000', '돈가스카레우동': '7,000', '떡국': '4,000', '떡라면': '3,500', '': ''}"
영업/정상,02 32951385,서울특별시 동대문구 이문동 287-50번지 지하1층,서울특별시 동대문구 이문로28길 12 지하1층 (이문동),술이야,20200000000000.0,I,59:59.0,호프/통닭,205263.0737,454815.6237,호프/통닭,0.0,2,"호프,요리주점",{}
영업/정상,02 9676295,서울특별시 동대문구 이문동 175-14번지,서울특별시 동대문구 한천로 445-1 (이문동),코삼바(코리안삼겹바베큐),20200000000000.0,U,40:00.0,한식,205882.0527,455341.1463,한식,5.0,0,삼겹살,"{'볏짚삼겹살 (180g)': '7,000', '왕갈비 (300g)': '10,000', '생삼겹살 (180g)': '10,000', '가브리살 (180g)': '11,000', '갈비살 (180g)': '11,000', '직화쭈삼': '11,000', '불쌈냉면': '6,000', '육개장': '7,000', '소내장탕': '7,000', '영양갈비탕': '7,000', '스타삼겹살 (2인)': '18,000', '바베큐삼겹살 (2인)': '19,000', '고추장삼겹살 (2인)': '19,000', '양념갈비 (2인)': '18,000', '석쇠불고기 (2인)': '18,000', '스타목살 (2인)': '18,000', '바베큐목살 (2인)': '19,000', '고추장목살 (2인)': '19,000'}"
영업/정상,02 9641222,서울특별시 동대문구 이문동 336-3번지,서울특별시 동대문구 이문로 76 2층 (이문동),띵하우,20200000000000.0,I,59:59.0,중국식,205110.3087,454609.7443,중국식,4.1,0,중화요리,{'자장면': 0}
영업/정상,02 60130222,서울특별시 동대문구 이문동 85-20번지 (외대역동길 23),서울특별시 동대문구 외대역동로 83 (이문동(외대역동길 23)),한방닭?오리,20100000000000.0,I,59:59.0,한식,205672.913,454823.8958,한식,5.0,0,오리,{}
영업/정상,,서울특별시 동대문구 이문동 126-37번지,서울특별시 동대문구 휘경로11가길 4-4 (이문동),맛집 분식한식,20100000000000.0,I,59:59.0,분식,205559.7148,454848.56200000000,분식,5.0,1,분식,"{'삼겹살 (1인분)': '6,000', '생삼겹살 (1인분)': '9,000', '생목살 (1인분)': '9,000', '맛집김치찌개': '5,000', '된장찌개': '5,000', '문어 (한접시)': '15,000', '한방 닭백숙 (대)': '35,000'}"
영업/정상,,서울특별시 동대문구 이문동 325-48번지 1층,서울특별시 동대문구 휘경로2길 42 1층 (이문동),버드나무 순대국,20100000000000.0,I,59:59.0,한식,205225.7599,454676.0295,한식,3.5,4,순대,"{'순대국': '6,500', '머리국': '6,500', '순대국밥': '5,500', '머리국밥': '5,500', '수육(소)': '10,000'}"
영업/정상,02 9698261,서울특별시 동대문구 이문동 175-10번지 (지상1층),서울특별시 동대문구 이문로42길 90 (이문동(지상1층)),뚱땡이식당,20000000000000.0,I,59:59.0,한식,205855.6904,455360.1446,한식,0.0,0,"육류,고기",{}
영업/정상,,서울특별시 동대문구 이문동 305-133번지,서울특별시 동대문구 휘경로 24-4 1층 (이문동),다래정,20200000000000.0,I,59:59.0,한식,205426.9441,454774.6981,한식,0.0,0,"해물,생선",{}
영업/정상,02 9670123,서울특별시 동대문구 이문동 180-11번지 (지상1층) (한천로 450),서울특별시 동대문구 한천로 450 (이문동(지상1층) (한천로 450)),동해회수산,20100000000000.0,I,59:59.0,일식,205915.0459,455375.9951,일식,5.0,0,회,{}
영업/정상,,서울특별시 동대문구 이문동 295-1번지,서울특별시 동대문구 휘경로3길 21 (이문동),너와,20100000000000.0,I,59:59.0,호프/통닭,205445.1498,454919.2998,호프/통닭,0.0,0,유흥시설,{}
영업/정상,,서울특별시 동대문구 이문동 288-65,서울특별시 동대문구 이문로 108 (이문동),차돌풍,20200000000000.0,U,08:00.0,분식,205255.717,454871.6255,,0.0,0,0,{}
영업/정상,02 9591150,서울특별시 동대문구 이문동 264-140번지 1층,서울특별시 동대문구 천장산로 36 1층 (이문동),밀플랜비,20200000000000.0,I,59:59.0,중국식,205035.487,455206.1012,중국식,3.7,7,"멕시칸,브라질","{'치킨 라이스': '4,000', '치킨 감자': '4,500', '소고기 라이스': '4,500', '수제소시지': '2,500', '기본 핫도그': '3,500'}"
영업/정상,02 9572380,서울특별시 동대문구 이문동 288-61번지,서울특별시 동대문구 휘경로 4-6 지하1층 (이문동),락앤밤(Rock and Bam),20200000000000.0,U,40:00.0,호프/통닭,205266.8052,454862.9835,호프/통닭,0.0,5,"호프,요리주점","{'감바스 알 아히요 with 호밀빵': '16,000', '조개술찜 with 호밀빵': '18,000', '치즈 플레이트 (2인)': '15,000', '모둠 소세지': '15,000', '고르곤졸라 피자': '12,000'}"
영업/정상,02 9680282,서울특별시 동대문구 이문동 288-65번지 (이문로108),서울특별시 동대문구 이문로 108 (이문동(이문로108)),버거랑,20100000000000.0,I,59:59.0,분식,205255.717,454871.6255,분식,0.0,0,햄버거,"{'머쉬룸버거': 0, '사세보버거': 0, '자이언트버거': 0}"
영업/정상,,서울특별시 동대문구 이문동 288-81번지,서울특별시 동대문구 휘경로 9-3 (이문동),외대감자탕,20100000000000.0,I,59:59.0,한식,205341.9086,454886.5955,한식,3.7,3,감자탕,"{'감자탕 소지': '13,000', '감자탕 중지': '17,000', '감자탕 엄지': '22,000', '뼈다귀해장국': '6,000', '우거지해장국': '5,000'}"
영업/정상,,서울특별시 동대문구 이문동 220-14번지 (신이문길72),서울특별시 동대문구 신이문로 40-1 (이문동(신이문길72)),숙이네포장마차,20100000000000.0,I,59:59.0,호프/통닭,205820.1638,455614.8295,호프/통닭,0.0,0,실내포장마차,{}
영업/정상,02 9699008,서울특별시 동대문구 이문동 264-407번지 1층,서울특별시 동대문구 천장산로7길 56 1층 (이문동),파티스리노엘,20100000000000.0,I,59:59.0,경양식,204760.908,455110.802,경양식,4.0,4,카페,"{'아메리카노(HOT)': '2,200', '카푸치노(HOT)': '3,000', '카페라떼(HOT)': '3,000', '카페모카(HOT)': '3,200', '대추차(HOT)': '3,000'}"
영업/정상,,서울특별시 동대문구 이문동 339-1번지 (회기안길2),서울특별시 동대문구 경희대로4길 79 (이문동(회기안길2)),황하,20100000000000.0,I,59:59.0,중국식,204920.3401,454348.4207,중국식,4.0,32,중화요리,"{'산동탕수육 (소)': '8,000', '홍콩탕수육 (소)': '12,000', '짜장면': '5,000', '짬뽕': '6,000', '볶음밥': '7,000'}"
영업/정상,02 9605890,서울특별시 동대문구 이문동 317-16번지 (외대풍물길29),서울특별시 동대문구 휘경로2길 35 (이문동(외대풍물길29)),꿀꿀,20100000000000.0,I,59:59.0,한식,205248.1979,454711.0393,한식,4.2,27,0,{}
영업/정상,,서울특별시 동대문구 이문동 334-87번지 (이문로 77-3),서울특별시 동대문구 이문로 77-7 (이문동(이문로 77-3)),시골집,20100000000000.0,I,59:59.0,한식,205076.0519,454669.9043,한식,5.0,1,"찌개,전골","{'부대찌개': '7,000', '동태찌개': '7,000', '김치찌개': '6,000', '된장찌개': '6,000', '돼지불백': '7,000', '오징어볶음': '8,000'}"
영업/정상,,서울특별시 동대문구 이문동 183-3번지 (한천로459),서울특별시 동대문구 한천로 457-1 (이문동(한천로459)),이문왕곱창,20100000000000.0,I,59:59.0,한식,205877.47,455459.1387,한식,5.0,4,"곱창,막창","{'오돌뼈(1인)': '9,000', '고추장불고기(1인)': '11,000', '목삼겹(1인)': '11,000', '왕곱창(1인)': '10,000', '왕꼼장어(1인)': '15,000'}"
영업/정상,02 9640110,서울특별시 동대문구 이문동 83-47번지,서울특별시 동대문구 외대역동로 85-1 1층 (이문동),또래오래이문점,20200000000000.0,U,40:00.0,호프/통닭,205442.2097,455383.0409,호프/통닭,4.4,16,0,{}
영업/정상,,서울특별시 동대문구 이문동 346-45 (이문로65),서울특별시 동대문구 이문로 65 (이문동(이문로65)),자가제빵 선명희피자 외대점,20200000000000.0,U,05:00.0,한식,205032.8703,454533.4788,,5.0,24,피자,"{'바싹불고기피자': '16,000', '직화매운갈비피자': '18,000', '베이컨포테이토피자': '17,000', '페페로니피자': '15,000', '쉬림프피자': '20,000', '콤비네이션피자': '15,000', '고구마무스피자': '15,000', '베이컨할라피뇨피자': '17,000', '소불고기피자': '15,000', '모짜렐라치즈피자': '15,000', '베이컨피자': '15,000', '파인애플피자': '15,000', '포테이토피자': '15,000', '콘치즈피자': '15,000', '베이컨소세지피자': '17,000', '고르곤졸라피자': '15,000', '바베큐치킨피자': '15,000', '베이컨불고기피자': '17,000', '옛날갈비피자': '19,000', '달콤불고기피자': '16,000', '고추불고기피자': '15,900', '': ''}"
영업/정상,02 9628292,서울특별시 동대문구 이문동 288-55번지 지하1층,서울특별시 동대문구 이문로28길 9 지하1층 (이문동),양쉐프즉석떡볶이,20200000000000.0,U,40:00.0,분식,205268.2082,454831.4639,분식,4.6,13,떡볶이,"{'기본 떡볶이': '4,000', '치즈 떡볶이': '5,000', '닭 떡볶이': '6,000', '쭈꾸미 떡볶이': '6,000'}"
영업/정상,,서울특별시 동대문구 이문동 288-30번지 (문일길16),서울특별시 동대문구 이문로30길 14 (이문동(문일길16)),버담소리,20100000000000.0,I,59:59.0,호프/통닭,205334.2034,454939.0134,호프/통닭,5.0,1,0,{}
영업/정상,,서울특별시 동대문구 이문동 288-43번지,서울특별시 동대문구 이문로28길 15 2층 (이문동),옹골진치킨,20200000000000.0,U,40:00.0,호프/통닭,205348.1988,454940.1801,호프/통닭,5.0,8,치킨,"{'후라이드치킨(기본)': '10,000', '양념치킨(기본)': '12,000', '마늘간장치킨(기본)': '12,000', '후라이드반+양념반(기본)': '12,000', '후라이드반+양념반+마늘간장반(기본)': '19,000'}"
영업/정상,,서울특별시 동대문구 이문동 237-101번지,서울특별시 동대문구 신이문로 35 지상1층 (이문동),닛시스시,20200000000000.0,U,40:00.0,일식,205758.4344,455646.2524,일식,4.4,25,"초밥,롤","{'광어 (2pcs)': '3,500', '도미 (2pcs)': '3,500', '숭어 (2pcs)': '2,800', '새우 (2pcs)': '2,800', '모듬 초밥 (12pcs)': '18,000'}"
영업/정상,,서울특별시 동대문구 이문동 175-7,서울특별시 동대문구 외대역동로27길 80 1층 (이문동),지숙이네포차,20200000000000.0,U,01:00.0,정종/대포집/소주방,205501.6401,454667.9832,,3.0,1,0,{}
영업/정상,,서울특별시 동대문구 이문동 247-4번지 (신이문7길42),서울특별시 동대문구 이문로 204-5 (이문동(신이문7길42)),두미시골집,20100000000000.0,I,59:59.0,한식,205433.2546,455833.6375,한식,0.0,0,한식,{}
영업/정상,,서울특별시 동대문구 이문동 217-12번지,서울특별시 동대문구 한천로 483 (이문동),곱창마을,20100000000000.0,I,59:59.0,한식,205847.0812,455716.5568,한식,0.0,3,"곱창,막창","{'막창소금구이': '9,000', '야채곱창': '8,000', '알곱창': '8,000', '순대볶음': '8,000', '오돌뼈': '8,000'}"
영업/정상,02 9698100,서울특별시 동대문구 이문동 288-21,서울특별시 동대문구 휘경로 3-12 1층 (이문동),이도감식당,20200000000000.0,U,05:00.0,분식,205617.7119,454568.28,,0.0,0,한식,"{'다슬기능이오리백숙': '60,000', '다슬해장국': '8,000', '김치찌개': '7,000', '된장찌개': '7,000'}"
영업/정상,02 9590867,서울특별시 동대문구 이문동 288-40번지,서울특별시 동대문구 휘경로2길 4 1층 (이문동),식닷컴,20200000000000.0,U,40:00.0,한식,205314.3174,454835.0006,한식,3.1,11,중화요리,"{'마라가재': '28,000', '마라새우': '25,000', '카오위': '35,000', '사천찜닭': '20,000', '꿔바로': '13,000'}"
영업/정상,,서울특별시 동대문구 이문동 326-2 지상1층,서울특별시 동대문구 이문로 88-17 1층 (이문동),숙이네반주집,20200000000000.0,U,06:00.0,분식,205237.6295,454735.1016,,3.3,9,한식,"{'앞다리보쌈': '10,000', '아구찜': '10,000'}"
영업/정상,,서울특별시 동대문구 이문동 305-85번지 1층,서울특별시 동대문구 휘경로2가길 5 1층 (이문동),아욱꽃,20100000000000.0,I,59:59.0,한식,205337.141,454793.80800000000,한식,4.3,15,"돈까스,우동","{'작은 김치볶음밥': '5,000', '정식돈가스+김치볶음밥': '7,000', '치즈돈가스': '7,000', '작은돈가스': '6,300'}"
영업/정상,070 75825076,서울특별시 동대문구 이문동 327-8번지,서울특별시 동대문구 이문로 90 1층 (이문동),시간의향기,20200000000000.0,U,40:00.0,분식,205178.0493,454729.0307,분식,3.3,6,한식,"{'원조김밥': '2,000', '야채김밥': '3,000', '비빔밥': '5,500', '라면': '3,000', '떡볶이': '3,000'}"
영업/정상,,서울특별시 동대문구 이문동 339-1번지,서울특별시 동대문구 경희대로4길 79 지상1층 105호 (이문동),처갓집양념치킨,20200000000000.0,U,40:00.0,통닭(치킨),204920.3401,454348.4207,통닭(치킨),4.6,13,치킨,"{'슈프림양념치킨': '18,000', '치즈슈프림 양념치킨': '18,000', '후라이드치킨': '16,000', '와락치킨': '18,000', '트러플 슈프림 양념치킨': '19,000', '100%청양산 고추치킨': '19,000', '허니올리고당야채 양념치킨': 0}"
영업/정상,,서울특별시 동대문구 이문동 306-4 지하1층(휘경로 26),서울특별시 동대문구 휘경로 24-1 (이문동지하1층(휘경로 26)),라이브 모모 외대점,20200000000000.0,U,09:00.0,호프/통닭,205451.1087,454767.0259,,0.0,0,술집,{}
영업/정상,,서울특별시 동대문구 이문동 134-14번지 (둑구말길46),서울특별시 동대문구 휘경로3길 42 (이문동(둑구말길46)),바지락칼국수,20100000000000.0,I,59:59.0,한식,205489.78,455010.7199,한식,4.4,12,국수,"{'예향칼국수': '5,500', '바지락칼국수': '6,000', '팥칼국수': '7,000', '들깨수제비': '7,000', '육개장칼국수': '7,000'}"
영업/정상,,서울특별시 동대문구 이문동 304-27번지,서울특별시 동대문구 휘경로 25 (이문동),하늘사랑,20200000000000.0,I,59:59.0,호프/통닭,205471.1528,454795.719,호프/통닭,0.0,0,"호프,요리주점",{}
영업/정상,,서울특별시 동대문구 이문동 287-22번지,서울특별시 동대문구 이문로 100 2층 (이문동),옛날할머니보쌈,20200000000000.0,U,40:00.0,한식,205226.7648,454820.4638,한식,4.0,15,"족발,보쌈","{'굴보쌈': '37,000', '김치보쌈': '27,000', '배추보쌈': '30,000', '쟁반국수': '12,000', '보쌈정식': '7,000'}"
영업/정상,,서울특별시 동대문구 이문동 335-5번지 1층,서울특별시 동대문구 이문로 75 1층 (이문동),광한루남원추어탕,20200000000000.0,I,59:59.0,한식,205082.1025,454636.6961,한식,5.0,1,한정식,"{'추어탕': '9,000', '통추어탕': '10,000', '단호박돈까스': '8,000', '통매운탕': '45,000', '숙회': '45,000'}"
영업/정상,02 9650111,서울특별시 동대문구 이문동 289-1번지,서울특별시 동대문구 휘경로 9 1층 (이문동),신의주 찹쌀순대와 쭈꾸미,20200000000000.0,U,40:00.0,일식,205358.3425,454870.4161,일식,4.0,1,순대,"{'신의주정식': 0, '순대국': 0, '뼈해장국': 0, '한우소머리국밥': 0, '순대 한접시': 0}"
영업/정상,,서울특별시 동대문구 이문동 305-69번지,서울특별시 동대문구 휘경로2길 5-11 (이문동),영미네곱창전골,20200000000000.0,U,40:00.0,한식,205380.8006,454799.0283,한식,4.3,6,"곱창,막창","{'돼지곱창전골 (1인)': '7,900', '막창소금구이 (1인)': '7,900'}"
영업/정상,,서울특별시 동대문구 이문동 334-76번지 (경희얄개길 10),서울특별시 동대문구 이문로17길 14 (이문동(경희얄개길 10)),장수식당,20100000000000.0,I,59:59.0,한식,205065.0646,454722.6944,한식,5.0,0,한식,{}
영업/정상,,서울특별시 동대문구 이문동 287-22 1층,서울특별시 동대문구 이문로 100 1층 (이문동),본죽&비빔밥cafe외대점,20200000000000.0,U,05:00.0,한식,205226.7648,454820.4638,,2.7,6,죽,"{'단호박죽': '9,000', '낙지김치죽': '9,500', '삼계죽': '11,000', '전복죽': '12,000', '쇠고기야채죽': '9,500'}"
영업/정상,,서울특별시 동대문구 이문동 257-345번지 지상1층,서울특별시 동대문구 이문로 163-2 1층 (이문동),유림,20100000000000.0,I,59:59.0,까페,205392.9859,455437.5023,까페,0.0,0,"안경,렌즈",{}
영업/정상,070 88068610,서울특별시 동대문구 이문동 255-255번지 1층,서울특별시 동대문구 이문로 180 1층 (이문동),하우스치킨,20100000000000.0,I,59:59.0,한식,205429.6607,455589.9542,한식,0.0,0,치킨,{}
영업/정상,02 9600919,서울특별시 동대문구 이문동 288-54번지 2층,서울특별시 동대문구 이문로28길 11 2층 (이문동),자매랑아찌랑,20200000000000.0,U,40:00.0,경양식,205276.6836,454821.9387,경양식,3.6,7,한식,"{'돈까스': '5,000', '오므라이스': '4,000', '떡볶이': '10,000', '두부김치': '8,000', '오징어볶음': '10,000'}"
영업/정상,,서울특별시 동대문구 이문동 117-13번지 1층,서울특별시 동대문구 외대역동로 117 1층 (이문동),피치홈,20200000000000.0,U,40:00.0,패스트푸드,205704.1807,455094.3285,패스트푸드,0.0,0,피자,{}
영업/정상,,서울특별시 동대문구 이문동 305-73번지 2층,서울특별시 동대문구 휘경로2길 3 2층 (이문동),탕화쿵푸 외대점,20200000000000.0,U,40:00.0,호프/통닭,205336.4196,454824.8275,호프/통닭,3.7,29,중화요리,"{'마라탕 (100g)': '1,500', '마라빤 (100g)': '2,000', '마라향궈 (100g)': '3,000', '량피': '6,000', '산라분': '8,000'}"
영업/정상,,서울특별시 동대문구 이문동 288-23번지,서울특별시 동대문구 휘경로 3-8 (이문동),영화장,20200000000000.0,I,59:59.0,중국식,205310.4618,454915.9395,중국식,3.2,116,중화요리,"{'탕수육': '22,000', '시천탕수육': '28,000', '깐풍육': '28,000', '난자완즈': '38,000', '송이우육편': '55,000', '생강대파소고기': '32,000', '마라우육편': '32,000', '깐소중새우': '39,000', '깐풍중새우': '39,000', '크림중새우': '39,000', '마늘튀김중새우': '42,000', '동파육': '48,000', '해삼탕': '80,000', '해삼삼겹살': '80,000', '산라탕': '25,000', '양장피': '35,000', '류산슬': '40,000', '잡탕': '42,000', '전가복': '90,000', '송이누룽지탕': '50,000'}"
영업/정상,,서울특별시 동대문구 이문동 264-263번지 1층,서울특별시 동대문구 천장산로7길 36 1층 (이문동),한솥도시락,20100000000000.0,I,59:59.0,분식,204856.2311,455120.3453,분식,3.2,0,도시락,"{'매화(치킨, 연어구이)': '10,000', '매화(순살고등어간장구이)': '10,000', '진달래': '7,000', '새치고기고기': '6,000', '돈치고기고기': '5,300', '고기고기': '4,200', '동백': '5,200', '개나리': '8,000'}"
영업/정상,,서울특별시 동대문구 이문동 305-129번지 (지상1층),서울특별시 동대문구 휘경로2가길 6 (이문동(지상1층)),이상한 떡볶이집,20200000000000.0,U,40:00.0,분식,205329.6832,454779.6626,분식,3.8,49,이탈리안,"{'김치볶음밥': '7,000', '매콤 토마토 파스타': '9,000', '오므라이스': '7,000', '베이컨 크림링귀니 파스타': '9,500', '데리야끼 치킨덮밥': '8,000', '팬스테이크': '10,500', '오제피스타': '9,500'}"
영업/정상,,서울특별시 동대문구 이문동 134-4번지 1F,서울특별시 동대문구 휘경로3길 40 (이문동1F),곱창마을,20100000000000.0,I,59:59.0,한식,205482.0106,455000.2734,한식,0.0,3,"곱창,막창","{'막창소금구이': '9,000', '야채곱창': '8,000', '알곱창': '8,000', '순대볶음': '8,000', '오돌뼈': '8,000'}"
영업/정상,,서울특별시 동대문구 이문동 316-3번지 1층,서울특별시 동대문구 휘경로2길 21 1층 (이문동),고수찜닭,20200000000000.0,U,40:00.0,한식,205285.1028,454756.3409,한식,2.3,40,닭요리,"{'뼈있는 찜닭 (대)': '35,000', '뼈있는 찜닭 (중)': '25,000', '뼈있는 찜닭 (소)': '18,000', '순살 찜닭 (대)': '37,000', '순살 찜닭 (중)': '27,000', '순살 찜닭 (소)': '20,000', '고수찜닭 추천 세트 (대)': '39,000', '고수찜닭 추천 세트 (중)': '28,000', '고수찜닭 추천 세트 (소)': '20,000'}"
영업/정상,,서울특별시 동대문구 이문동 305-6,서울특별시 동대문구 휘경로2길 13 지하1층 (이문동),벨루트,20200000000000.0,U,02:00.0,한식,205311.2538,454788.6064,,5.0,0,"호프,요리주점","{'와인': '20,000', '바틀': '49,000', '칵테일': '7,000'}"
영업/정상,,서울특별시 동대문구 이문동 345-7,서울특별시 동대문구 이문로9길 8 1층 (이문동),굽네치킨(이문2호점),20200000000000.0,U,02:00.0,통닭(치킨),205003.1603,454519.5473,,2.3,1,치킨,"{'시카고 딥디쉬 피자+콜라대': '18,000', '페퍼로니피자+콜라대': '17,000', '고추바사삭+바게트볼+콜라1.25L': '22,000', '슈림프 시카고 딥디쉬 피자+콜라대': '21,000', '오리지널+바게트볼+콜라대': '20,000', '굽네 시카고 피자 & 갈비천왕 세트': '35,000', '굽네 시카고 피자 & 볼케이노 세트': '35,000', '갈비천왕+콜라대': '19,000', '볼케이노+콜라대': '19,000', '1마리)오+콜라대': '17,000', '갈릭마왕 반반(갈릭반/오리지널반)+콜라대': '20,000', '볼케이노치킨+에그타르트+콜라대': '22,800', '양념 히어로+콜라대': '19,000', '양념 반반+콜라대': '19,000', '갈릭마왕+콜라대': '20,000', '갈릭+페퍼로니+콜라대': '35,000', '굽네 허니멜로+콜라1.25L': '20,000', '오리지널 치트킹 세트 (매콤치즈) + 콜라대': '18,000', '오리지널 치트킹 세트 (콘스프) + 콜라대': '18,000', '굽네 고추바사삭 치트킹 세트(매콤치즈)+콜라1.25L': '20,000'}"
영업/정상,,서울특별시 동대문구 이문동 86-79번지 지상1층,서울특별시 동대문구 외대역동로 90 (이문동지상1층),참이슬식당,20200000000000.0,U,59:59.0,한식,205725.7188,454858.9733,한식,5.0,3,한정식,"{'보쌈(중)': '20,000', '보쌈+생굴': '30,000', '오징어초무침': '25,000', '보쌈정식': '7,000', '육개장': '7,000'}"
영업/정상,,서울특별시 동대문구 이문동 264-207번지,서울특별시 동대문구 천장산로9길 3 (이문동),치보,20100000000000.0,I,59:59.0,한식,205009.3688,455200.1304,한식,4.2,36,이탈리안,"{'부카니에라': '14,000', '비텔로': '15,500', '아마트리치아나': '11,000', '마리나라': '14,000', '포르치니': '12,500'}"
영업/정상,,서울특별시 동대문구 이문동 305-152번지,서울특별시 동대문구 휘경로 17 2층 (이문동),홍콩반점0410(외대점),20200000000000.0,I,59:59.0,중국식,205420.5899,454834.7658,중국식,3.7,8,중화요리,"{'군만두': '4,500', '쟁반짜장': '13,000', '짜장면': '5,000', '짜장밥': '7,000', '짬뽕': '6,000', '짬뽕밥': '6,500', '탕수육(대)': '18,000', '탕수육(소)': '13,000', '해물육교자': '5,500', '고추짬뽕': '7,000', '고추짬뽕밥': '7,500', '고추짜장': '6,000', '탕수육(중)': '15,000'}"
영업/정상,02 9606324,서울특별시 동대문구 이문동 82-1번지,서울특별시 동대문구 휘경로 29-13 1층 (이문동),알쏭달쏭맛집,20200000000000.0,U,04:00.0,통닭(치킨),205540.7329,454812.6331,,4.3,36,0,{}
영업/정상,,서울특별시 동대문구 이문동 288-12번지 2층,서울특별시 동대문구 이문로 112 (이문동2층),코코니주방,20200000000000.0,U,40:00.0,한식,205279.4486,454913.9499,한식,4.8,47,퓨전일식,"{'코코니 짬뽕': '8,800', '소고기 야끼소바': '8,800', '가츠동': '7,800', '코코니 냉라멘': '8,800', '오믈렛 토마토 카레': '8,300', '사케동': '9,800', '가츠 카레우동': '8,300'}"
영업/정상,,서울특별시 동대문구 이문동 305-65번지 지하1층,서울특별시 동대문구 휘경로 20 (이문동지하1층),락포차,20200000000000.0,I,59:59.0,정종/대포집/소주방,205405.4532,454798.1295,정종/대포집/소주방,4.5,6,0,{}
영업/정상,,서울특별시 동대문구 이문동 316-2번지 2층,서울특별시 동대문구 휘경로2길 19 2층 (이문동),충만치킨,20200000000000.0,I,59:59.0,한식,205294.1706,454765.2611,한식,4.5,124,치킨,"{'간장티꾸닭': 0, '고추장티꾸닭': 0, '커리티꾸닭': 0, '충만후라이드': 0, '스노우 어니언': 0}"
영업/정상,02 9640132,서울특별시 동대문구 이문동 264-302번지 지하1층,서울특별시 동대문구 이문로9나길 6-14 (이문동지하1층),컴플리트,20200000000000.0,I,59:59.0,경양식,204927.8205,455106.4353,경양식,4.7,49,카페,"{'아메리카노': '3,500', '카페라떼': '4,000', '얼그레이': '4,500', '허니로얄 밀크티': '5,000', '자몽티': '5,000', '딸기바나나 생과일쥬스': '5,500', '자몽에이드': '5,500', '진정한 밀크쉐이크': '5,500', '악마의 브라우니 with 아이스크림': '4,000'}"
영업/정상,02 9575858,서울특별시 동대문구 이문동 108-19번지,서울특별시 동대문구 한천로 425-1 1층 (이문동),또바기 치킨(이문점),20200000000000.0,I,59:59.0,통닭(치킨),205893.61800000000,455141.0377,통닭(치킨),5.0,0,치킨,{}
영업/정상,,서울특별시 동대문구 이문동 305-6번지 (1층),서울특별시 동대문구 휘경로2길 13 (이문동(1층)),싱싱 오징어 바다,20200000000000.0,I,59:59.0,한식,205311.2538,454788.6064,한식,1.0,3,"해물,생선","{'광어회(소)': '15,000', '우럭회(소)': '18,000', '연어': '15,000', '오징어물회': '17,000', '알탕': '15,000'}"
영업/정상,,서울특별시 동대문구 이문동 255-256번지 1층,서울특별시 동대문구 이문로 178 1층 (이문동),시크릿가든,20100000000000.0,I,59:59.0,까페,205429.367,455571.7642,까페,0.0,0,카페,{}
영업/정상,,서울특별시 동대문구 이문동 264-314번지 1층,서울특별시 동대문구 이문로9가길 35 (이문동1층),예향칼국수,20100000000000.0,I,59:59.0,한식,204879.9684,455101.374,한식,4.4,12,국수,"{'예향칼국수': '5,500', '바지락칼국수': '6,000', '팥칼국수': '7,000', '들깨수제비': '7,000', '육개장칼국수': '7,000'}"
영업/정상,,서울특별시 동대문구 이문동 304-15번지 지상1층,서울특별시 동대문구 휘경로3길 11-2 (이문동지상1층),정영진 허브 영양족발,20100000000000.0,I,59:59.0,한식,205444.8694,454854.0271,한식,4.6,37,"족발,보쌈","{'왕족발(중)': '28,000', '불족발(중)': '31,000', '미니족발': '20,000', '보쌈(중)': '28,000', '뼈없는닭발': '20,000'}"
영업/정상,,서울특별시 동대문구 이문동 363-2번지 1층,서울특별시 동대문구 휘경로3길 8 (이문동),일품춘천닭갈비,20100000000000.0,I,59:59.0,한식,205436.9067,454853.00700000000,한식,3.8,3,닭요리,{}
영업/정상,,서울특별시 동대문구 이문동 326-11,서울특별시 동대문구 이문로 88-11 1층 (이문동),마카나이,20200000000000.0,U,07:00.0,분식,205199.7667,454730.2923,,3.0,15,일본식라면,"{'구로마유라멘': '7,500', '야끼 구로마유 라멘': '9,000', '바질라멘': '7,500', '야끼바질라멘': '9,000'}"
영업/정상,,서울특별시 동대문구 이문동 305-6번지 지상2층,서울특별시 동대문구 휘경로2길 13 (이문동지상2층),투다리,20200000000000.0,I,59:59.0,호프/통닭,205311.2538,454788.6064,호프/통닭,1.3,0,오뎅바,"{'우동': 0, '태양초치즈닭갈비': 0, '모래집볶음': 0, '알탕': 0, '김치우동전골': 0, '오뎅탕': 0, '해물탕': 0, '염통꼬치': 0, '모래집꼬치': 0, '떡돌이꼬치': 0, '닭산적꼬치': 0, '매운닭살꼬치': 0, '날개꼬치': 0, '은행꼬치': 0, '소시지베이컨말이': 0, '골뱅이무침': 0, '사천볶음밥': 0}"
영업/정상,,서울특별시 동대문구 이문동 334-95번지,서울특별시 동대문구 회기로25길 109 1층 (이문동),벗이있는집,20200000000000.0,U,40:00.0,한식,205061.0449,454679.3065,한식,4.0,1,한식,"{'양푼이 김치찌개': '25,000', '순두부찌개': '7,000', '제육볶음': '8,000', '닭볶음탕': '25,000', '생삼겹(200g)': '12,000'}"
영업/정상,,서울특별시 동대문구 이문동 341-39번지,서울특별시 동대문구 회기로25길 60 1층 (이문동),홍곱창 회기본점,20200000000000.0,U,40:00.0,한식,205042.7126,454481.5567,한식,4.0,91,"곱창,막창","{'야채곱창': '11,000', '불곱창': '11,000', '순대곱창': '12,000', '소금구이 막창': '13,000', '알곱창': '14,000'}"
영업/정상,,서울특별시 동대문구 이문동 264-115번지 지상1층,서울특별시 동대문구 천장산로 38 (이문동지상1층),카페115번지,20100000000000.0,I,59:59.0,까페,205037.6335,455217.9101,까페,3.0,1,카페,"{'브런치 세트': 0, '수제함박스테이크세트': 0, '연어스테이크세트': 0, '와인소스스테이크세트': 0, '카레오므라이스세트': 0, '프렌치토스트세트': 0, '고소한 버터밥세트': 0}"
영업/정상,,서울특별시 동대문구 이문동 86-24번지 지상1층,서울특별시 동대문구 외대역동로14길 9 (이문동지상1층),호식이두마리,20200000000000.0,I,59:59.0,통닭(치킨),205743.7205,454817.03800000000,통닭(치킨),5.0,3,치킨,"{'간장치킨': '15,000', '매운간장치킨': '15,000', '양념치킨': '15,000', '매운양념치킨': '15,000', '후라이드': '14,000'}"
영업/정상,,서울특별시 동대문구 이문동 288-30번지,서울특별시 동대문구 이문로30길 14 (이문동),아리가또멘,20200000000000.0,U,40:00.0,분식,205334.2034,454939.0134,분식,0.0,0,일본식라면,{}
영업/정상,,서울특별시 동대문구 이문동 326-8 지상1층,서울특별시 동대문구 이문로 88-15 (이문동지상1층),20년전통외대닭갈비,20200000000000.0,U,02:00.0,한식,205228.4615,454732.4684,,4.5,18,닭요리,"{'뼈없는닭갈비': '11,000', '눈꽃치즈닭갈비': '13,000', '메밀막국수': '7,000', '물만두': '5,000'}"
영업/정상,,서울특별시 동대문구 이문동 287-22번지 지상1층,서울특별시 동대문구 이문로 100 (이문동지상1층),한솥외대정문점,20100000000000.0,I,59:59.0,한식,205226.7648,454820.4638,한식,3.2,0,도시락,"{'매화(치킨, 연어구이)': '10,000', '매화(순살고등어간장구이)': '10,000', '진달래': '7,000', '새치고기고기': '6,000', '돈치고기고기': '5,300', '고기고기': '4,200', '동백': '5,200', '개나리': '8,000'}"
영업/정상,,서울특별시 동대문구 이문동 264-167번지 1층,서울특별시 동대문구 천장산로 26-2 1층 (이문동),지지고 외대후문점,20200000000000.0,U,40:00.0,한식,205077.5789,455150.3047,한식,3.6,4,분식,"{'나이스 라이스': '4,000', '누들누들': '4,000'}"
영업/정상,,서울특별시 동대문구 이문동 78-7,서울특별시 동대문구 휘경로11가길 4-8 1층 (이문동),나주식당,20200000000000.0,U,08:00.0,한식,205550.3159,454831.0973,,0.0,0,한식,{}
영업/정상,,서울특별시 동대문구 이문동 86-30번지,서울특별시 동대문구 휘경로23길 25 (이문동),와와포차,20100000000000.0,I,59:59.0,호프/통닭,205725.7266,454815.5135,호프/통닭,3.8,2,0,{}
영업/정상,,서울특별시 동대문구 이문동 288-45번지,서울특별시 동대문구 휘경로 6-9 2층 (이문동),아지매,20100000000000.0,I,59:59.0,한식,205292.1489,454821.5558,한식,4.0,7,한식,"{'돼지갈비정식 (2인분)': '12,000', '오삼불고기 (2인분)': '12,000', '소불고기 (2인분)': '12,000', '돼지불백 (2인분)': '10,000', '제육쌈밥 (2인분)': '10,000', '삼겹살정식': '7,000', '치즈쌈밥 (2인분)': '12,000'}"
영업/정상,,서울특별시 동대문구 이문동 78-8번지,서울특별시 동대문구 휘경로15길 15-7 (이문동),고흥집,20100000000000.0,I,59:59.0,한식,205543.7622,454820.1501,한식,4.3,10,한식,{}
영업/정상,,서울특별시 동대문구 이문동 288-44번지,서울특별시 동대문구 이문로28길 13 2층 (이문동),다해식당,20200000000000.0,I,59:59.0,한식,205287.016,454810.8807,한식,4.8,6,한식,"{'수두부': '5,000', '김치찌개': '4,500', '돌솥비빔밥': '4,500', '육개장': '5,000', '내장탕': '5,000', '순두부': '4,500', '참치찌개': '4,500', '제육덮밥': '5,000', '오징어덮밥': '5,000', '떡만두국': '4,500', '콩나물비빔밥': '4,500', '김치볶음밥': '4,500', '된장찌개': '4,500', '뚝배기불고기': '5,000', '불고기비빔밥': '5,000', '생선구이': '5,000', '갈비탕': '5,000', '': ''}"
영업/정상,,서울특별시 동대문구 이문동 108-21번지 1층,서울특별시 동대문구 한천로 423-1 1층 (이문동),소나무,20100000000000.0,I,59:59.0,한식,205893.6422,455123.9845,한식,0.0,0,한식,{}
영업/정상,,서울특별시 동대문구 이문동 264-167번지,서울특별시 동대문구 천장산로 26-2 1층 (이문동),석우동,20200000000000.0,U,40:00.0,한식,205226.8221,455093.8861,한식,4.0,0,"돈까스,우동",{}
영업/정상,,서울특별시 동대문구 이문동 82-27번지 2층,서울특별시 동대문구 휘경로 31-1 2층 (이문동),돈카츠.우동.돼랑이우랑이,20200000000000.0,U,40:00.0,중국식,205540.6044,454759.9186,중국식,2.7,6,"돈까스,우동",{}
영업/정상,02 9681588,서울특별시 동대문구 이문동 264-314번지,서울특별시 동대문구 이문로9가길 35 지하1층 (이문동),카빙당,20200000000000.0,I,59:59.0,일식,204879.9684,455101.374,일식,4.5,7,"돈까스,우동",{}
영업/정상,02 30151749,서울특별시 동대문구 이문동 305-70번지 1층,서울특별시 동대문구 휘경로 16-4 1층 (이문동),뽕뜨락피자,20100000000000.0,I,59:59.0,경양식,205368.4503,454806.1688,경양식,5.0,1,피자,"{'관자네온새우': '25,900', '골드랑군': '24,900', '쓰리고(3GO)': '24,900', '코코쉬림프': '24,900', '콰트로': '19,900', '베이컨포테이토': '18,900', '모모스테키': '24,900', '스파이시쉬림프': '18,900', '비포(비프앤포크)': '24,900', '리치킨BBQ': '18,900', '스윗고구마': '16,900', '웨스틴콤보더블': '24,900', '웨지포테이토': '16,900', '차슈(불갈비)': '16,900', '불고기': '16,900', '페페로니': '15,900', '슈프림콤비': '15,900', '멜팅치즈': '15,900'}"
영업/정상,02 9676165,서울특별시 동대문구 이문동 305-97번지 지하1층,서울특별시 동대문구 휘경로 24-5 지하1층 (이문동),요술식당,20200000000000.0,U,40:00.0,한식,205430.4884,454757.8253,한식,0.0,0,0,{}
영업/정상,02 548 0552,서울특별시 동대문구 이문동 255-255번지 1층,서울특별시 동대문구 이문로 180 1층 (이문동),야미가,20200000000000.0,U,40:00.0,한식,205429.6607,455589.9542,한식,0.0,1,도시락,{}
영업/정상,,서울특별시 동대문구 이문동 363-5번지 1층,서울특별시 동대문구 휘경로3길 4 1층 (이문동),돈수백외대점,20200000000000.0,I,59:59.0,한식,205445.61,454833.3377,한식,2.9,10,국밥,"{'냉만두국': '6,500', '돈수백': '9,000', '돈탕반': '6,500', '모듬전골(대)': '33,000', '모듬전골(소)': '23,000', '모듬전골(중)': '28,000', '물만두': '4,000', '불껍데기': '12,000', '불막창': '18,000', '불족발': '18,000', '섞어탕반': '6,500', '수백탕(술국)': '14,000', '수육(대)': '33,000', '수육(소)': '23,000', '수육(중)': '28,000', '수제만두국': '6,500', '오소리탕반': '6,500', '왕냉면': '6,000', '왕만두': '6,000', '파족': '29,000'}"
영업/정상,02 63266662,서울특별시 동대문구 이문동 264-50,서울특별시 동대문구 천장산로 40 1층 (이문동),멕시카나치킨 이문점,20200000000000.0,U,06:00.0,호프/통닭,205024.7731,455243.0455,,0.0,0,치킨,"{'마늘알마니+단짠감자치즈볼+콜라1.25': '24,500', '마늘알마니치킨+콜라1.25L': '20,500', '달콤라떼치킨+커피콩빵(8알)+콜라1.25L': '22,500', '모두의마요치킨+멕시감자+콜라1.25L': '22,500', '땡초치킨+콜라1.25L': '19,500', '양념치킨+콜라1.25L': '18,500', '후라이드치킨+콜라1.25L': '17,500', '반반치킨+콜라1.25L': '18,500', '땡초치킨+콜라1.25L+더블치즈볼': '23,500', '간장치킨+콜라1.25L': '18,500', '반반치킨+콜라1.25L+더블치즈볼': '22,500'}"
영업/정상,02 9605958,서울특별시 동대문구 이문동 264-263 1층,서울특별시 동대문구 천장산로7길 36 1층 (이문동),수퍼보울,20200000000000.0,U,04:00.0,한식,204856.2311,455120.3453,,4.7,40,양식,{}
영업/정상,02 9600233,서울특별시 동대문구 이문동 339-4번지,서울특별시 동대문구 경희대로4길 73 1층 (이문동),부산밀면냉면,20200000000000.0,U,40:00.0,냉면집,204901.4339,454342.4334,냉면집,3.0,26,냉면,"{'비빔밀면': '7,000', '물밀면': '7,000', '회냉면': '8,500', '물냉면': '8,500', '칼국수 (계절메뉴)': '6,000'}"
영업/정상,02 9598572,서울특별시 동대문구 이문동 264-150번지 지하1층,서울특별시 동대문구 천장산로 32-1 지하1층 (이문동),꿀꿀이와 닭갈비,20200000000000.0,I,59:59.0,한식,205044.3311,455173.3533,한식,5.0,0,닭요리,{}
영업/정상,,서울특별시 동대문구 이문동 264-295번지,서울특별시 동대문구 이문로9길 133 1층 (이문동),돈부리청년,20200000000000.0,I,59:59.0,일식,204945.004,455077.8943,일식,2.3,7,일식,"{'오야꼬동': '7,000', '규동': '7,000', '가쯔동': '7,000', '핫도리동': '7,000', '사케동': '10,000'}"
영업/정상,02 9640711,서울특별시 동대문구 이문동 264-171번지 1층,서울특별시 동대문구 천장산로 32-2 1층 (이문동),일촌분식,20200000000000.0,U,40:00.0,분식,205045.7682,455155.5827,분식,0.0,1,분식,"{'야채김밥': '3,000', '라면': '3,000', '쌀떡볶이': '3,000', '라볶이': '4,000', '제육덮밥': '6,000', '원조김밥': 0}"
영업/정상,02 21555752,서울특별시 동대문구 이문동 288-56번지 1층,서울특별시 동대문구 휘경로 4-7 1층 (이문동),아일랜드비,20200000000000.0,U,40:00.0,기타,205274.12700000000,454843.3302,기타,4.8,188,카페,{}
영업/정상,,서울특별시 동대문구 이문동 341-83 1층,서울특별시 동대문구 경희대로4길 79-1 1층 (이문동),제육의 법칙,20200000000000.0,U,04:00.0,분식,204916.4683,454360.0126,,4.5,1,0,{}
영업/정상,02 9668495,서울특별시 동대문구 이문동 264-222번지 지상2층,서울특별시 동대문구 천장산로7길 10-1 2층 (이문동),엘가외대점,20200000000000.0,U,40:00.0,한식,204977.1777,455139.0552,한식,3.3,7,커피전문점,"{'에스프레소': '3,300', '아메리카노(HOT)': '3,500', '카페라떼(HOT)': '4,300', '레몬에이드': '5,300', '플레인 요거트 스무디': '5,300'}"
영업/정상,,서울특별시 동대문구 이문동 288-63번지 1층,서울특별시 동대문구 휘경로 4-10 1층 (이문동),베브릿지,20200000000000.0,I,59:59.0,한식,205255.8339,454841.3614,한식,4.6,19,카페,"{'아메리카노': '2,000', '차오메이나이차': '4,500', '알뿌깟': '4,800', '오르차따': '4,000', '마일로 다이노소어': '4,000'}"
영업/정상,,서울특별시 동대문구 이문동 264-207번지,서울특별시 동대문구 천장산로9길 3 지하1층 (이문동),파이브로브즈,20200000000000.0,I,59:59.0,경양식,205009.3688,455200.1304,경양식,4.0,0,"제과,베이커리",{}
영업/정상,02 9604369,서울특별시 동대문구 이문동 288-53번지 1층,서울특별시 동대문구 휘경로 6-8 1층 (이문동),언니네함바그,20200000000000.0,U,40:00.0,경양식,205281.4702,454831.7569,경양식,4.2,49,양식,"{'언니네 함바그 (L)': '7,000', '언니네 함바그 (M)': '6,500', '언니네 치즈 함바그 (L)': '7,500', '언니네 치즈 함바그 (M)': '7,000', '언니네 매콤 함바그 (L)': '7,300', '언니네 매콤 함바그 (M)': '6,800'}"
영업/정상,,서울특별시 동대문구 이문동 264-50번지 1층,서울특별시 동대문구 천장산로 40 1층 (이문동),일층집,20100000000000.0,I,59:59.0,한식,205024.7731,455243.0455,한식,4.7,4,"찌개,전골","{'부대찌개 (대)': '24,000', '부대찌개 (중)': '19,000', '부대찌개 (소)': '13,000'}"
영업/정상,,서울특별시 동대문구 이문동 255-282번지 1층,서울특별시 동대문구 이문로 184 1층 (이문동),바른치킨 신이문점,20200000000000.0,U,40:00.0,통닭(치킨),205430.9823,455612.9968,통닭(치킨),2.3,6,치킨,"{'현미바사삭': '16,900', '양념치킨': '17,900', '간장윙봉': '18,900', '통곡물 간장치킨': '18,900', '대새레드': '21,900', '대새핫블랙': '21,900'}"
영업/정상,,서울특별시 동대문구 이문동 346-146번지,서울특별시 동대문구 이문로17길 39 1층 (이문동),기석일호,20200000000000.0,I,59:59.0,경양식,204932.3302,454696.1232,경양식,4.3,11,일식집,"{'타코와사비': '9,000', '샤브 샐러드': '15,000', '치킨 가라아게&고로케': '15,000', '오뎅전골': '20,000', '카레모듬전골': '28,000'}"
영업/정상,,서울특별시 동대문구 이문동 264-223번지,서울특별시 동대문구 천장산로7길 16 지하1층 (이문동),아마자께,20200000000000.0,U,40:00.0,일식,204962.6147,455134.5398,일식,4.3,0,분식,{}
영업/정상,,서울특별시 동대문구 이문동 255-393번지 1층,서울특별시 동대문구 신이문로 7 1층 (이문동),허뚱돼지나라,20200000000000.0,I,59:59.0,한식,205495.6126,455643.3812,한식,0.0,0,"육류,고기",{}
영업/정상,,서울특별시 동대문구 이문동 288-43번지 지상2층,서울특별시 동대문구 이문로28길 15 2층 (이문동),오늘통닭,20100000000000.0,I,59:59.0,기타,205295.6859,454802.5512,기타,5.0,1,치킨,"{'1977옛날통닭': 0, '간장통닭': 0, '깐풍순살': 0, '누룽치즈닭': 0, '마늘통닭': 0, '마늘파통닭': 0, '숙주샐러드통닭': 0, '순살 삼총사': 0, '순살 양념': 0, '순살 후라이드': 0, '양념통닭': 0, '철판마늘순살': 0, '치즈베이컨포테이토': 0, '치즈돌돌맵닭': 0, '콘치즈닭': 0}"
영업/정상,,서울특별시 동대문구 이문동 237-127번지 1층,서울특별시 동대문구 신이문로 32 1층 (이문동),발칙한맥주,20100000000000.0,I,59:59.0,기타,205727.4401,455612.9562,기타,4.7,0,술집,{}
영업/정상,02 32955590,서울특별시 동대문구 이문동 220-179번지 지하1층,서울특별시 동대문구 신이문로 41-1 지하1층 (이문동),역전,20200000000000.0,U,40:00.0,까페,205836.6765,455651.1621,까페,0.0,0,다방,{}
영업/정상,,서울특별시 동대문구 이문동 363-21번지 (대표지번 363-17),서울특별시 동대문구 이문로30길 26 지하1층 (이문동 (대표지번 363-17)),엘리트(ELITE),20100000000000.0,I,59:59.0,기타,205375.9948,454880.2186,기타,1.5,0,"단체복,유니폼",{}
영업/정상,,서울특별시 동대문구 이문동 288-4 2층,서울특별시 동대문구 이문로 118 2층 (이문동),산과들진순대국,20200000000000.0,U,07:00.0,한식,205308.8444,454979.3372,,5.0,1,0,{}
영업/정상,,서울특별시 동대문구 이문동 288-13 2층,서울특별시 동대문구 휘경로 3 2층 (이문동),봉쥬비어외대,20200000000000.0,U,01:00.0,호프/통닭,205287.8152,454903.9713,,4.3,3,0,{}
영업/정상,,서울특별시 동대문구 이문동 257-686번지 1층,서울특별시 동대문구 이문로 143-1 1층 (이문동),우리동네 김밥,20200000000000.0,U,01:00.0,일식,205373.9547,455237.0158,,3.0,0,분식,{}
영업/정상,,서울특별시 동대문구 이문동 304-20번지,서울특별시 동대문구 휘경로5길 3 2층 (이문동),치킨플러스외대점,20200000000000.0,I,59:59.0,호프/통닭,205452.8623,454823.3065,호프/통닭,3.5,0,치킨,"{'극장판치킨': '15,900', '크리미어니언순살치킨': '14,900', '개매운치킨': '14,900', '눈맞은치킨': '14,900', '꿔바로우치킨': '14,900', '블랙킹치킨(BK치킨)': '16,900', '얼C9맵닭': 0}"
영업/정상,,서울특별시 동대문구 이문동 288-82 1층,서울특별시 동대문구 휘경로 9-5 1층 (이문동),야만(Yaman),20200000000000.0,U,03:00.0,한식,205335.0915,454890.3326,,0.0,0,술집,{}
영업/정상,,서울특별시 동대문구 이문동 64번지 쌍용아파트 상가동 106호,서울특별시 동대문구 한천로58길 47 상가동 106호 (이문동 쌍용아파트),치킨마루 이문쌍용점,20100000000000.0,I,59:59.0,통닭(치킨),205980.7722,455275.8359,통닭(치킨),5.0,0,치킨,"{'눈꽃 치킨': 0, '크리스피 치킨': 0, '크리스피 레디핫치즈치킨': 0, '양념 치킨': 0, '마늘 간장치킨': 0, '파닭': 0, '간장무쵸 윙봉': 0, '레디핫 윙봉': 0, '오리지널 윙봉': 0}"
영업/정상,,서울특별시 동대문구 이문동 86-83번지 1층,서울특별시 동대문구 외대역동로 80-1 1층 (이문동),왔다~생고기마을,20100000000000.0,I,59:59.0,한식,205680.3931,454787.8466,한식,0.0,3,"육류,고기",{}
영업/정상,,서울특별시 동대문구 이문동 305-79번지 1층,서울특별시 동대문구 휘경로2길 5-12 1층 (이문동),씹는곱창,20200000000000.0,U,40:00.0,한식,205372.7714,454787.7272,한식,3.0,39,"곱창,막창","{'소곱창 (200g)': '13,900', '소막창 (200g)': '13,900', '소대창 (200g)': '15,900', '염통 (150g)': '10,000', '소곱창전골': '30,000'}"
영업/정상,,서울특별시 동대문구 이문동 305-64번지 2층,서울특별시 동대문구 휘경로 18-1 2층 (이문동),해신루,20100000000000.0,I,59:59.0,중국식,205394.3349,454804.2844,중국식,3.8,4,중화요리,"{'짜장면': '4,000', '짬뽕': '5,000', '사천탕면': '7,000', '양꼬치 (10)': '10,000', '어깨갈비 (8)': '10,000'}"
영업/정상,02 64986222,서울특별시 동대문구 이문동 264-171번지,서울특별시 동대문구 천장산로 32-2 지상1층~지하1층 (이문동),크레이저커피 외대점,20200000000000.0,U,40:00.0,경양식,205045.7682,455155.5827,경양식,4.6,137,커피전문점,{}
영업/정상,,서울특별시 동대문구 이문동 283-6,서울특별시 동대문구 이문로25길 22 지하1층 (이문동),미성,20200000000000.0,U,04:00.0,한식,205339.2474,455035.0295,,0.0,0,빌딩,{}
영업/정상,,서울특별시 동대문구 이문동 338-3번지,서울특별시 동대문구 이문로 66 1층 (이문동),글라라스푼,20200000000000.0,I,59:59.0,기타,205063.6023,454526.356,기타,4.0,2,분식,{}
영업/정상,,서울특별시 동대문구 이문동 305-59번지,서울특별시 동대문구 휘경로 12 1층 (이문동),이상준초밥,20200000000000.0,U,40:00.0,일식,205341.6738,454835.6676,일식,4.5,11,"초밥,롤","{'가츠오우동정식': '8,500', '대광어초밥(6p)': '9,000', '연어회': '25,000', '활어 회덮밥': '8,000', '뚝배기 김치우동': '7,500'}"
영업/정상,,서울특별시 동대문구 이문동 264-211,서울특별시 동대문구 천장산로7길 8 3층 (이문동),몬스터플레이스 이문점,20200000000000.0,U,02:00.0,기타,204997.8992,455149.1206,,4.1,31,카페,"{'몬스터샐러드': '6,000', '파스타샐러드': '6,500', '에그마요샐러드': '7,000', '닭가슴살샐러드': '7,000', '리코타치즈샐러드': '7,500'}"
영업/정상,,서울특별시 동대문구 이문동 255-380,서울특별시 동대문구 이문로 195 1~2층 (이문동),이강참치,20200000000000.0,U,06:00.0,일식,205390.6771,455735.7391,,4.3,21,0,{}
영업/정상,,서울특별시 동대문구 이문동 392-6번지,서울특별시 동대문구 천장산로 48 1층 (이문동),토종순대국,20200000000000.0,I,59:59.0,한식,205017.8425,455319.9855,한식,1.0,3,순대,{}
영업/정상,,서울특별시 동대문구 이문동 287-39번지,서울특별시 동대문구 휘경로2길 16 2층 (이문동),올유니드,20200000000000.0,U,40:00.0,기타,205284.1692,454787.852,기타,3.0,2,카페,"{'에스프레소': '3,500', '아메리카노': '3,500', '카페라떼': '4,000', '카푸치노': '4,000', '초코라떼': '4,000'}"
영업/정상,,서울특별시 동대문구 이문동 325-48,서울특별시 동대문구 휘경로2길 42 1층 (이문동),비에이치씨치킨 회기점(bhc치킨),20200000000000.0,U,07:00.0,통닭(치킨),205225.7599,454676.0295,,2.3,4,치킨,"{'하바네로 포테킹 후라이드+치즈볼': '24,500', '뿌링클 콤보+치즈볼': '23,000', '골드킹 콤보+치즈볼': '23,000', '맛초킹 콤보+치즈볼': '23,000', '뿌링클+치즈볼': '22,000', '맛초킹+치즈볼': '22,000'}"
영업/정상,,서울특별시 동대문구 이문동 288-25번지,서울특별시 동대문구 휘경로 5 지하1층 (이문동),올드크래프트하우스,20200000000000.0,I,59:59.0,호프/통닭,205299.8164,454895.7879,호프/통닭,4.1,5,"호프,요리주점","{'페퍼로니 피자(13"")': '12,900', '치즈 피자(13"")': '12,900', '고구마 치즈스틱 (10조각)': '9,900', '마른 안주': '11,900', '계절 과일': '14,900'}"
영업/정상,02 969 6622,서울특별시 동대문구 이문동 346-5번지,서울특별시 동대문구 이문로9길 46 지하1층 (이문동),튠업카페,20200000000000.0,U,40:00.0,기타,204923.2811,454661.9904,기타,4.8,8,카페,"{'아메리카노': '3,500', '카페라떼': '3,900', '초코라떼': '4,500', '밀크티': '4,500', '오가닉 얼그레이': '4,500'}"
영업/정상,02 21733376,서울특별시 동대문구 이문동 316-1번지,서울특별시 동대문구 휘경로2길 17 2층 (이문동),숯불꼼닭발,20200000000000.0,I,59:59.0,정종/대포집/소주방,205301.4104,454775.6082,정종/대포집/소주방,5.0,7,닭요리,"{'꼼장어': '10,000', '뼈없는닭발': '8,000', '뼈있는닭발': '8,000', '닭똥집': '8,000', '계란말이': '8,000'}"
영업/정상,,서울특별시 동대문구 이문동 305-62번지,서울특별시 동대문구 휘경로 16 지하1층 (이문동),고씨네 한국외대점,20200000000000.0,U,40:00.0,일식,205374.0768,454816.2469,일식,1.6,14,"돈까스,우동","{'고씨냉우동 세트': '9,900', '돈까스카레': '7,000', '스페셜카레': '9,500', '떡갈비카레': '7,000', '돈까스카레우동': '8,000', '고씨냉우동': '7,000'}"
영업/정상,,서울특별시 동대문구 이문동 304-30,서울특별시 동대문구 휘경로7길 7 1층 (이문동),도시피자,20200000000000.0,U,07:00.0,기타,205484.6667,454818.9441,,5.0,1,패스트푸드,"{'콤비네이션': '13,500', '페퍼로니': '13,500', '시티 쉬림프': '18,000', '내맘대로 반반피자': '13,000', '치즈': '12,500'}"
영업/정상,,서울특별시 동대문구 이문동 339-4,서울특별시 동대문구 경희대로4길 73 1층 (이문동),빙고 앤 샐러드,20200000000000.0,U,04:00.0,기타,204901.4339,454342.4334,,5.0,37,디저트카페,"{'우유 팥빙수 (1인)': '4,800', '달콤한메론빙수 (2인만가능)': '9,800', '시원한수박빙수 (2인만가능)': '9,800', '아메리카노': '3,000', '까페라떼 (ICE)': '3,500'}"
영업/정상,,서울특별시 동대문구 이문동 345-8번지,서울특별시 동대문구 이문로 61 1층 (이문동),왼손우동짜장,20200000000000.0,I,59:59.0,중국식,205016.4856,454507.4118,중국식,4.5,23,중화요리,"{'짜장면': '3,000', '옛날우동': '3,000', '얼큰우동': '4,000', '냉 우동': '4,000', '탕수육 (1인분)': '4,000'}"
영업/정상,02 9669288,서울특별시 동대문구 이문동 134-18번지,서울특별시 동대문구 휘경로3길 28 1층 (이문동),찬&찬 두마리치킨,20200000000000.0,I,59:59.0,호프/통닭,205464.0165,454944.0551,호프/통닭,0.0,0,반찬가게,{}
영업/정상,02 9650111,서울특별시 동대문구 이문동 78-42번지,서울특별시 동대문구 휘경로 35 1층 (이문동),슈퍼통닭,20200000000000.0,I,59:59.0,호프/통닭,205557.8746,454747.6231,호프/통닭,0.0,3,치킨,"{'옛날통닭': '9,000', '양념': '10,000', '순살치킨': '9,000', '마늘통닭': '10,000', '문어통닭': '25,000'}"
영업/정상,,서울특별시 동대문구 이문동 305-62번지,서울특별시 동대문구 휘경로 16 2층 (이문동),애신,20200000000000.0,U,40:00.0,중국식,205374.0768,454816.2469,중국식,4.0,10,중식,"{'마라탕 (100g)': '1,500', '지삼선': '10,000', '어향육슬': '13,000', '꿔바로우': '14,000', '수자육': '15,000'}"
영업/정상,,서울특별시 동대문구 이문동 255-188번지 C&J오피스텔,서울특별시 동대문구 이문로 164 C&J오피스텔 1층 103호 (이문동),비에이치씨치킨(BHC치킨),20200000000000.0,U,40:00.0,호프/통닭,205457.4637,455384.1633,호프/통닭,4.4,1,치킨,"{'하바네로 포테킹 후라이드+치즈볼': '24,500', '뿌링클 콤보+치즈볼': '23,000', '골드킹 콤보+치즈볼': '23,000', '맛초킹 콤보+치즈볼': '23,000', '뿌링클+치즈볼': '22,000', '맛초킹+치즈볼': '22,000'}"
영업/정상,,서울특별시 동대문구 이문동 316-1,서울특별시 동대문구 휘경로2길 17 지하 1층 (이문동),곱담,20200000000000.0,U,08:00.0,정종/대포집/소주방,205301.4104,454775.6082,,4.0,3,"곱창,막창","{'고구마치즈곱창': '12,000', '야채곱창': '10,000', '알곱창': '10,000', '치즈곱창': '11,000', '1인세트': '11,500'}"
영업/정상,,서울특별시 동대문구 이문동 255-27번지,서울특별시 동대문구 이문로 193-3 (이문동),신카이,20200000000000.0,I,59:59.0,일식,205378.8565,455719.9916,일식,0.0,0,참치회,{}
영업/정상,,서울특별시 동대문구 이문동 331-56번지,서울특별시 동대문구 이문로25길 39 2층 (이문동),이문동커피집브루밸류,20200000000000.0,U,40:00.0,분식,204993.2045,454794.8462,분식,0.0,0,카페,{}
영업/정상,,서울특별시 동대문구 이문동 258-15번지,서울특별시 동대문구 이문로 144 2층 (이문동),우거지감자탕,20200000000000.0,I,59:59.0,한식,205417.0243,455253.2896,한식,0.0,0,0,{}
영업/정상,,서울특별시 동대문구 이문동 87-1번지,서울특별시 동대문구 휘경로31길 57 1층 (이문동),엄마손식당,20200000000000.0,I,59:59.0,한식,205843.2057,454914.4743,한식,0.0,0,한식,{}
영업/정상,,서울특별시 동대문구 이문동 291-26번지,서울특별시 동대문구 이문로 141 1층 (이문동),아지트,20200000000000.0,I,59:59.0,기타,205367.0872,455203.4636,기타,0.0,0,"호프,요리주점",{}
영업/정상,,서울특별시 동대문구 이문동 325-21번지,서울특별시 동대문구 이문로 88-26 1층 (이문동),붐바(boomba),20200000000000.0,I,59:59.0,기타,205218.6039,454718.1929,기타,3.8,8,커피전문점,"{'에스프레소': '3,900', '아메리카노': '3,900', '카페라떼': '4,500', '방탄커피': '5,000', '페퍼민트': '4,300'}"
영업/정상,7088068610,서울특별시 동대문구 이문동 304-26번지 지상3층,서울특별시 동대문구 휘경로 23 (이문동 지상3층),한객샤브샤브뷔페,20200000000000.0,U,40:00.0,중국식,205458.9099,454802.8864,중국식,3.8,6,샤브샤브,"{'마라롱싸웨이': '12,000', '돼지고기튀김': '9,000', '꽃빵튀김': '5,000', '중국식파전병': '3,000', '토마토백탕': '5,000'}"
영업/정상,,서울특별시 동대문구 이문동 175-4번지,서울특별시 동대문구 이문로42길 91 (이문동),애자이모식당,20200000000000.0,I,59:59.0,한식,205872.5697,455374.1165,한식,0.0,0,한식,{}
영업/정상,,서울특별시 동대문구 이문동 255-226,서울특별시 동대문구 신이문로 5-1 지상1층 (이문동),육회먹은 꼬막 이문점,20200000000000.0,U,02:00.0,기타,205475.9318,455649.7721,,0.0,0,한식,{}
영업/정상,,서울특별시 동대문구 이문동 363-17번지,서울특별시 동대문구 이문로30길 26 1층 (이문동),59년옛날통닭,20200000000000.0,U,40:00.0,호프/통닭,205364.0046,454882.9946,호프/통닭,0.0,1,치킨,{}
영업/정상,02 9600919,서울특별시 동대문구 이문동 341-55번지,서울특별시 동대문구 회기로25길 52 지상1층 (이문동),차칸스시,20200000000000.0,U,40:00.0,일식,204937.7602,454410.6674,일식,3.6,51,"초밥,롤","{'미니사사미': '16,000', '유부초밥 (1P)': '1,200', '찐새우 (1P)': '1,400', '타코군함 (1P)': '2,000', '영덕대게장 (1P)': '2,200'}"
영업/정상,,서울특별시 동대문구 이문동 288-20번지,서울특별시 동대문구 이문로30길 10 지상1층 (이문동),포컵스(4CUPS),20200000000000.0,I,59:59.0,기타,205328.2726,454951.5017,기타,1.9,11,카페,"{'에스프레소': '3,500', '아메리카노': '3,500', '카페라떼': '4,000', '얼그레이': '4,000', '피치우롱티': '4,000'}"
영업/정상,,서울특별시 동대문구 이문동 255-218,서울특별시 동대문구 신이문로 8 1층 (이문동),청담짝태앤연어,20200000000000.0,U,09:00.0,기타,205489.2054,455611.8022,,5.0,2,"호프,요리주점","{'광어': '28,000', '우럭': '28,000', '도미': '40,000', '광어+생연어회': '30,000', '멍게': '15,000'}"
영업/정상,,서울특별시 동대문구 이문동 264-485번지,서울특별시 동대문구 천장산로4길 36 1층 (이문동),분99(bun99),20200000000000.0,U,40:00.0,기타,205110.8455,455197.2987,기타,4.6,6,베트남음식,"{'소고기쌀국수 (양지)': '8,500', '소고기쌀국수 (양지,힘줄)': '9,500', '분짜': '10,500', '토마토해산물쌀국수': '10,000', '넴': '5,000'}"
영업/정상,,서울특별시 동대문구 이문동 256-26번지,서울특별시 동대문구 이문로 185 1층 (이문동),무한리필고기굼터,20200000000000.0,I,59:59.0,호프/통닭,205390.3136,455648.5943,호프/통닭,3.0,2,"육류,고기","{'무한리필 (성인)': '11,000', '무한리필 (10세이하)': '7,000', '무한리필 (7세이하)': '5,000', '냉면': '3,000', '누룽지탕': '3,000'}"
영업/정상,,서울특별시 동대문구 이문동 305-75,서울특별시 동대문구 휘경로2길 5-4 1층 (이문동),미담,20200000000000.0,U,01:00.0,한식,204237.4398,453483.8006,,0.0,0,식품서비스업,{}
영업/정상,,서울특별시 동대문구 이문동 126-37번지,서울특별시 동대문구 휘경로11가길 4-4 1층 (이문동),여수포차,20200000000000.0,I,59:59.0,한식,205559.7148,454848.56200000000,한식,0.0,0,0,{}
영업/정상,,서울특별시 동대문구 이문동 176-2번지,서울특별시 동대문구 한천로 439 1층 (이문동),자담치킨이문점,20200000000000.0,I,59:59.0,호프/통닭,205883.4967,455284.5857,호프/통닭,4.0,3,치킨,"{'맵슐랭치킨': 0, '치요링치킨': 0, '후라이드치킨': 0, '양념치킨': 0, '간장치킨': 0, '생그라나치킨': 0, '스리라차치킨': 0}"
영업/정상,,서울특별시 동대문구 이문동 264-140번지,서울특별시 동대문구 천장산로 36 지하1층 (이문동),파치외대점,20200000000000.0,U,40:00.0,한식,205035.487,455206.1012,한식,4.0,15,이탈리안,"{'베이컨토마토': '7,500', '체다치즈토마토': '7,500', '베이컨볶음밥': '6,500', '새우볶음밥': '7,000', '치킨필라프': '7,000'}"
영업/정상,,서울특별시 동대문구 이문동 339-1번지,서울특별시 동대문구 경희대로4길 79 1층 102호 (이문동),루데카,20200000000000.0,U,40:00.0,기타,204920.3401,454348.4207,기타,4.6,48,커피전문점,"{'아메리카노': '3,000', '에스프레소': '3,000', '아인슈패너': '4,500', '바닐라라떼': '4,000', '아포가토': '4,000'}"
영업/정상,,서울특별시 동대문구 이문동 251-5번지,서울특별시 동대문구 이문로 203 1층 (이문동),속초코다리,20200000000000.0,I,59:59.0,한식,205385.113,455813.7135,한식,4.5,17,"해물,생선",{}
영업/정상,,서울특별시 동대문구 이문동 288-43,서울특별시 동대문구 이문로28길 15 1층 (이문동),부두 조개전골,20200000000000.0,U,03:00.0,한식,205295.6859,454802.5512,,4.0,2,조개,{}
영업/정상,,서울특별시 동대문구 이문동 291-90번지,서울특별시 동대문구 천장산로 3 2층 (이문동),꼬기92,20200000000000.0,U,40:00.0,식육(숯불구이),205302.2128,455049.0915,식육(숯불구이),5.0,6,"육류,고기","{'갈비살 (180g)': '12,000', '생등심 (180g)': '12,000', '생삼겹살 (180g)': '8,000', '목살 (180g)': '8,000', '항정살 (180g)': '9,000'}"
영업/정상,,서울특별시 동대문구 이문동 305-2번지,서울특별시 동대문구 휘경로 13 지하1층 (이문동),오티움커피랩,20200000000000.0,I,59:59.0,기타,205383.0869,454857.9114,기타,5.0,1,0,{}
영업/정상,,서울특별시 동대문구 이문동 288-40번지,서울특별시 동대문구 휘경로2길 4 2층 (이문동),마살라키친,20200000000000.0,U,40:00.0,호프/통닭,205314.3174,454835.0006,호프/통닭,4.5,47,인도음식,"{'1인세트': '9,500', '2인세트': '24,000', '탄두+2인세트': '30,000', '탄두리 치킨 (반마리)': '7,900'}"
영업/정상,,서울특별시 동대문구 이문동 255-23번지,서울특별시 동대문구 이문로 193 1층 (이문동),경동한우곱창,20200000000000.0,U,04:00.0,호프/통닭,205391.6479,455722.9956,,5.0,43,"곱창,막창","{'한우곱창모듬(중)': '48,000', '한우소곱창(270g)': '25,000', '한우대창(300g)': '23,000', '소곱창전골(소)': '25,000', '야채곱창': '10,000', '순대곱창': '11,000', '알곱창': '11,000'}"
영업/정상,,서울특별시 동대문구 이문동 255-174번지,서울특별시 동대문구 이문로42길 5 1층 (이문동),너나들이,20200000000000.0,U,40:00.0,한식,205442.3907,455402.2207,한식,4.7,7,만화카페,"{'2시간 + 카페음료': '6,500', '3시간 + 카페음료': '8,500', '추천\n6시간 + 카페음료': '12,000', '평일 온종일 + 카페음료': '15,000', '2시간 + 허니브레드 + 카페음료 (2인)': '16,000', '2시간 + 라면 + 카페음료': '10,000', '2시간 + 볶음밥 + 카페음료': '11,000'}"
영업/정상,,서울특별시 동대문구 이문동 317-12번지,서울특별시 동대문구 휘경로2길 37 1층 (이문동),인(In)서울,20200000000000.0,U,00:00.0,한식,205248.0285,454694.1167,,3.0,4,일본식주점,"{'차슈문어삼합': '29,000', '차슈보쌈': '25,000', '치킨난방스케': '16,000', '치킨가라아케': '15,000', '츠라이가라아케': '17,000'}"
영업/정상,,서울특별시 동대문구 이문동 256-13,서울특별시 동대문구 신이문로 3 1층 (이문동),이문맥주공방,20200000000000.0,U,07:00.0,한식,205455.1816,455645.3604,,0.0,1,"호프,요리주점",{}
영업/정상,02 9606324,서울특별시 동대문구 이문동 288-65번지,서울특별시 동대문구 이문로 108 1층 (이문동),타코비(한국외대점),20200000000000.0,U,40:00.0,일식,205255.717,454871.6255,일식,0.0,6,간식,"{'타코비 타코야끼': '3,000'}"
영업/정상,,서울특별시 동대문구 이문동 264-223번지,서울특별시 동대문구 천장산로7길 16 2층 (이문동),세븐스테이크,20200000000000.0,U,59:59.0,경양식,204962.6147,455134.5398,경양식,0.0,1,"스테이크,립",{}
영업/정상,,서울특별시 동대문구 이문동 264-303번지,서울특별시 동대문구 이문로9나길 6-13 1층 3호 (이문동),회태랑사골마라탕,20200000000000.0,I,37:08.0,중국식,204909.1645,455103.6585,중국식,4.3,16,중식,"{'셀프마라탕 (100g)': '1,600', '셀프마라향궈 (100g)': '3,000', '마라향궈정식': '26,000', '마라소룽샤': '25,000', '소고기쌀국수': '8,000', '소고기양파물만두': '7,000', '홍소육덮밥': '8,000'}"
영업/정상,,서울특별시 동대문구 이문동 341-60번지,서울특별시 동대문구 회기로25길 59 1층 (이문동),언니네함바그,20200000000000.0,U,59:59.0,경양식,204942.4912,454457.9769,경양식,4.2,49,양식,"{'언니네 함바그 (L)': '7,000', '언니네 함바그 (M)': '6,500', '언니네 치즈 함바그 (L)': '7,500', '언니네 치즈 함바그 (M)': '7,000', '언니네 매콤 함바그 (L)': '7,300', '언니네 매콤 함바그 (M)': '6,800'}"
영업/정상,,서울특별시 동대문구 이문동 255-380번지,서울특별시 동대문구 이문로 193-6 1층 (이문동),이문동 그집,20200000000000.0,I,37:21.0,한식,205390.6771,455735.7391,한식,4.1,78,"육류,고기","{'한우차돌박이 (130g)': '12,000', '대패삼겹살 (150g)': '5,000', '소곱창전골 (1인)': '10,000', '매운갈비찜 (1인)': '9,000', '한우설렁탕': '8,000', '한우해장국': '7,000', '냉면': '6,000'}"
영업/정상,,서울특별시 동대문구 이문동 78-27번지,서울특별시 동대문구 휘경로 35-1 1층 (이문동),그옛날1947왕만두,20200000000000.0,I,23:22.0,한식,205567.5941,454743.3715,한식,5.0,1,분식,{}
영업/정상,02964 0132,서울특별시 동대문구 이문동 236-2,서울특별시 동대문구 신이문로23길 23 1층 (이문동),처갓집양념치킨 이문점,20200000000000.0,U,01:00.0,호프/통닭,205686.0607,455707.4225,,4.3,12,치킨,"{'슈프림양념치킨': '18,000', '치즈슈프림 양념치킨': '18,000', '후라이드치킨': '16,000', '와락치킨': '18,000', '트러플 슈프림 양념치킨': '19,000', '100%청양산 고추치킨': '19,000', '허니올리고당야채 양념치킨': 0}"
영업/정상,,서울특별시 동대문구 이문동 256-361,서울특별시 동대문구 신이문로 5 1층 (이문동),수제왕갈비,20200000000000.0,U,09:00.0,한식,205463.3535,455648.0374,,1.0,2,한식,{}
영업/정상,02  957 5858,서울특별시 동대문구 이문동 288-10번지 한국외국어대학교 글로벌홀,서울특별시 동대문구 이문로 114 한국외국어대학교 글로벌홀 1층 (이문동),케이에프씨 한국외대점,20200000000000.0,U,40:00.0,기타,205292.65900000000,454935.01400000000,기타,2.5,17,패스트푸드,"{'치짜구마박스': '10,200', '치짜구마세트': '8,800', '치짜구마': '6,400', '고추콰삭블랙라벨 8조각': '23,500', '고추콰삭블랙라벨 5조각': '15,400', '고추콰삭블랙라벨 3조각': '9,400', '고추콰삭블랙라벨 1조각': '3,600', '켄터키치킨립 5조각': '6,700'}"
영업/정상,,서울특별시 동대문구 이문동 331-1번지,서울특별시 동대문구 이문로25길 31 1층 (이문동),쉐궈라오(MIXFRUITY),20200000000000.0,I,21:07.0,기타,205032.4893,454797.6297,기타,5.0,2,0,{}
영업/정상,,서울특별시 동대문구 이문동 331-1,서울특별시 동대문구 이문로25길 31 지하1층 (이문동),되지,20200000000000.0,U,06:00.0,기타,205032.4893,454797.6297,,5.0,2,삼겹살,"{'실속99도시락': '9,900', '삼겹목살고기만 (솔로) 200g': '8,400', '삼겹목살고기만 (소) 400g': '14,400', '오리지널 (솔로) 200g': '15,400', '양념 (솔로) 200g': '15,900'}"
영업/정상,,서울특별시 동대문구 이문동 256-371번지,서울특별시 동대문구 이문로 186 1층 (이문동),풍천숯불장어세상,20200000000000.0,U,40:00.0,한식,205430.6309,455651.7591,한식,5.0,2,장어,"{'소갈비살': '25,000', '민물장어(대)': '32,000', '돼지왕양념갈비(300g)': '14,000', '장어탕': '7,000', '차돌된장찌개': '6,000'}"
영업/정상,,서울특별시 동대문구 이문동 288-37번지,서울특별시 동대문구 휘경로 7-1 23층 (이문동),미연 마라탕,20200000000000.0,U,40:00.0,중국식,205332.9486,454879.1172,중국식,4.0,15,중식,"{'마라탕기본': '5,000', '마라탕 (100g)': '1,500', '마라빤 (100g)': '2,000', '마라샹궈 (100g)': '3,000', '꿔바러우': '10,000'}"
영업/정상,,서울특별시 동대문구 이문동 349-11,서울특별시 동대문구 이문로9길 105 (이문동),촨커,20200000000000.0,U,06:00.0,중국식,204923.5735,454945.2765,,4.3,71,양꼬치,{}
영업/정상,,서울특별시 동대문구 이문동 250-3,서울특별시 동대문구 이문로 202 1층 (이문동),이령김밥,20200000000000.0,U,00:00.0,한식,205422.1687,455803.0288,,0.0,0,한식,"{'이령김밥': '2,500', '참치김밥': '3,000', '치즈김밥': '3,000', '소고기김밥': '3,500', '떡볶이': '3,000', '라면': '3,000'}"
영업/정상,,서울특별시 동대문구 이문동 264-262번지,서울특별시 동대문구 천장산로7길 34 지1층 (이문동),파스타,20200000000000.0,I,22:20.0,경양식,204869.1872,455123.8015,경양식,4.2,36,이탈리안,"{'부카니에라': '14,000', '비텔로': '15,500', '아마트리치아나': '11,000', '마리나라': '14,000', '포르치니': '12,500'}"
영업/정상,,서울특별시 동대문구 이문동 264-249번지,서울특별시 동대문구 천장산로7길 30 (이문동 이문동 다세대주택),할머니보쌈,20200000000000.0,I,22:22.0,한식,204889.9415,455125.5496,한식,3.8,14,"족발,보쌈","{'굴보쌈': '37,000', '김치보쌈': '27,000', '배추보쌈': '29,000', '쟁반국수': '12,000', '보쌈정식': '8,000'}"
영업/정상,,서울특별시 동대문구 이문동 305-63번지,서울특별시 동대문구 휘경로 18 1층 (이문동),투고샐러드 한국외국어대학교점,20200000000000.0,I,22:38.0,기타,205386.1058,454809.1826,기타,5.0,5,패스트푸드,"{'목살 스테이크': '6,500', '닭가슴살 스테이크': '6,500', '닭다리살 스테이크': '6,900', '훈제연어': '6,500', '칠리 파스타': '5,900'}"
영업/정상,,서울특별시 동대문구 이문동 237-17번지,서울특별시 동대문구 신이문로 36 1층 (이문동),민이식당,20200000000000.0,I,22:51.0,한식,205760.9414,455618.0921,한식,0.0,0,한식,{}
영업/정상,,서울특별시 동대문구 이문동 246-23번지,서울특별시 동대문구 이문로54길 4 1층 (이문동),둥이초밥,20200000000000.0,I,23:10.0,일식,205438.6054,455846.1229,일식,5.0,0,"초밥,롤",{}
영업/정상,,서울특별시 동대문구 이문동 288-45,서울특별시 동대문구 휘경로 6-9 지하1층 (이문동),이문,20200000000000.0,U,01:00.0,한식,205292.1489,454821.5558,,0.0,0,0,{}
영업/정상,,서울특별시 동대문구 이문동 175-18번지,서울특별시 동대문구 한천로 443-1 1층 (이문동),닭봉씨,20200000000000.0,I,23:35.0,한식,205882.1624,455320.9148,한식,0.0,0,한식,{}
영업/정상,,서울특별시 동대문구 이문동 306-4번지,서울특별시 동대문구 휘경로 24-1 1층 (이문동),트라타(Tratar),20200000000000.0,I,23:26.0,라이브카페,205451.1087,454767.0259,라이브카페,3.4,1,"멕시칸,브라질","{'그릴드목살샐러드로우': '7,500', '그릴드닭가슴살샐러드로우': '7,500', '쉬림프샐러드로우': '8,500', '바질두부샐러드': '5,900', '콥샐러드로우': '6,500'}"
영업/정상,,서울특별시 동대문구 이문동 264-314번지,서울특별시 동대문구 이문로9가길 35 1층 (이문동),OTR,20200000000000.0,I,23:35.0,기타,204879.9684,455101.374,기타,4.5,54,디저트카페,"{'아메리카노': '3,000', '카페라떼': '3,500', '밀크티': '3,500', '자몽에이드': '3,500', '그린티': '3,000'}"
영업/정상,,서울특별시 동대문구 이문동 250-3번지,서울특별시 동대문구 이문로 202 1층 (이문동),솥뚜껑 삼겹살집,20200000000000.0,I,23:26.0,한식,205422.1687,455803.0288,한식,5.0,2,삼겹살,{}
영업/정상,,서울특별시 동대문구 이문동 255-203,서울특별시 동대문구 이문로 182 1층 (이문동),띵떡,20200000000000.0,I,08:00.0,한식,205429.7228,455601.5002,,0.0,1,떡볶이,{}
영업/정상,,서울특별시 동대문구 이문동 305-63번지,서울특별시 동대문구 휘경로 18 2층 (이문동),유자미,20200000000000.0,I,23:39.0,한식,205386.1058,454809.1826,한식,0.0,0,음식점,{}
영업/정상,,서울특별시 동대문구 이문동 288-48,서울특별시 동대문구 휘경로 8 1층 (이문동),육감,20200000000000.0,U,05:00.0,분식,205308.5283,454853.5104,,3.0,1,"족발,보쌈",{}
영업/정상,,서울특별시 동대문구 이문동 126-38번지,서울특별시 동대문구 휘경로11가길 4-2 1층 101호 (이문동),토핑의신,20200000000000.0,I,23:39.0,경양식,205564.3353,454856.5331,경양식,5.0,19,피자,"{'신과함께 피자(R)': '22,900', '바질페스토 피자(R)': '18,900', '치즈의신 피자(R)': '17,900', '슈퍼 불고기 피자(R)': '16,900', '슈퍼 콤비네이션 피자(R)': '15,900'}"
영업/정상,,서울특별시 동대문구 이문동 255-187번지,서울특별시 동대문구 이문로 162 1층 (이문동),찜닭 대장 이문점,20200000000000.0,U,40:00.0,한식,205427.3438,455402.1317,한식,0.0,0,닭요리,{}
영업/정상,,서울특별시 동대문구 이문동 325-51번지,서울특별시 동대문구 휘경로2길 40 1층 (이문동),골목스토리,20200000000000.0,I,23:21.0,경양식,205228.7129,454684.8521,경양식,0.0,0,분식,{}
영업/정상,,서울특별시 동대문구 이문동 288-40번지,서울특별시 동대문구 휘경로2길 4 지층 (이문동),고소운,20200000000000.0,I,23:21.0,한식,205314.3174,454835.0006,한식,4.1,87,카페,"{'롱블랙': '4,000', '카페라떼': '4,500', '시그니처 카라멜라떼': '6,000', '시그니처 말차라떼': '6,000', '시그니처 초코라떼': '6,000', '시그니처 당고라떼': '6,000', '얼그레이': '6,000'}"
영업/정상,,서울특별시 동대문구 이문동 64번지 쌍용아파트,서울특별시 동대문구 한천로58길 47 상가동 지하1층 (이문동 쌍용아파트),아웃백딜리버리 회기점,20200000000000.0,U,40:00.0,패밀리레스트랑,205980.7722,455275.8359,패밀리레스트랑,0.0,7,패밀리레스토랑,"{'아웃백 스페셜 갈릭 스테이크': '30,900', '짐붐바 스테이크': '32,900', '투움바 파스타': '23,900', '베이비 백립': '37,900', '오지치즈 후라이즈(미듐)': '9,900', '카카두 김치그릴러': '20,900', '기브미파이브': '35,900'}"
영업/정상,,서울특별시 동대문구 이문동 331-1번지,서울특별시 동대문구 이문로25길 31 1층 (이문동),마라우육면,20200000000000.0,I,23:22.0,중국식,205032.4893,454797.6297,중국식,3.0,11,중화요리,"{'마라우육면': '7,800', '탄탄면': '6,800', '중식비빔면': '6,500', '동파육': '7,800', '찹쌀치킨': '7,800'}"
영업/정상,,서울특별시 동대문구 이문동 165-73번지,서울특별시 동대문구 이문로46길 64 1층 102호 (이문동),이문동 불탄 곱창,20200000000000.0,I,23:21.0,한식,205733.4766,455477.2894,한식,5.0,1,"곱창,막창",{}
영업/정상,,서울특별시 동대문구 이문동 331-1번지,서울특별시 동대문구 이문로25길 31 1층 (이문동),알촌 경희외대점,20200000000000.0,U,40:00.0,한식,205032.4893,454797.6297,한식,4.7,113,퓨전한식,{}
영업/정상,29787098,서울특별시 동대문구 이문동 237-153번지,서울특별시 동대문구 신이문로 27-7 1층 (이문동),성원유황오리,20200000000000.0,I,23:20.0,한식,205696.4315,455681.2216,한식,0.0,0,한식,{}
영업/정상,,서울특별시 동대문구 이문동 264-211번지,서울특별시 동대문구 천장산로7길 8 2층 (이문동),미바드래프트,20200000000000.0,I,23:19.0,호프/통닭,204997.8992,455149.1206,호프/통닭,4.9,11,"호프,요리주점","{'콤부차 리치&로즈(320ml)': '5,500', '베이컨 치킨 랜치 파니니': '5,900'}"
영업/정상,,서울특별시 동대문구 이문동 251-7번지,서울특별시 동대문구 이문로 201 1층 (이문동),공릉동원조멸치국수,20200000000000.0,I,04:00.0,한식,205387.6368,455797.4176,,5.0,0,국수,{}
영업/정상,,서울특별시 동대문구 이문동 327-7 세진빌딩,서울특별시 동대문구 이문로 89 1층 101102103호 (이문동 세진빌딩),아티스,20200000000000.0,U,01:00.0,기타,205149.1175,454744.9896,,4.0,5,카페,{}
영업/정상,,서울특별시 동대문구 이문동 220-29,서울특별시 동대문구 신이문로 40 1층 (이문동),지코바치킨,20200000000000.0,I,01:00.0,기타,205803.7212,455612.5566,,1.0,0,치킨,"{'지코바 소금구이': '17,000', '지코바 순살소금구이': '19,000', '지코바 순살양념구이': '20,000', '지코바 양념구이치킨': '18,000', '지코바 윙 소금구이': '18,000'}"
영업/정상,,서울특별시 동대문구 이문동 291-37 더 메디칼빌딩,서울특별시 동대문구 이문로 125 더 메디칼빌딩 지하 1층 (이문동),이문식당,20200000000000.0,I,06:00.0,한식,205308.7754,455064.2051,,4.0,1,한식,{}
영업/정상,,서울특별시 동대문구 이문동 255-167,서울특별시 동대문구 이문로46길 8 1층 101호 (이문동),파스타입니다,20200000000000.0,I,09:00.0,기타,205458.6815,455478.3076,,0.0,0,이탈리안,{}
영업/정상,,서울특별시 동대문구 이문동 288-26,서울특별시 동대문구 휘경로 5-1 2층 (이문동),도미노피자 이문점,20200000000000.0,I,02:00.0,기타,205309.7434,454890.591,,5.0,2,피자,"{'뉴욕 오리진(L)': '27,900', '블랙타이거 슈림프(L)': '34,900', '치즈 퐁듀 파이어 미트(L)': '34,900', '블랙앵거스 스테이크(L)': '34,900', '포테이토(L)': '25,900'}"
영업/정상,,서울특별시 동대문구 이문동 64 쌍용아파트,서울특별시 동대문구 한천로58길 47 상가동 지하1층 주방12호 (이문동 쌍용아파트),살루드(Salud),20200000000000.0,U,09:00.0,기타,205980.7722,455275.8359,,4.6,4,0,{}
영업/정상,,서울특별시 동대문구 이문동 305-8,서울특별시 동대문구 휘경로 22 1층 제2호 (이문동),고기롭다,20200000000000.0,I,00:00.0,기타,205435.5667,454784.3988,,2.0,1,"육류,고기",{}
영업/정상,,서울특별시 동대문구 이문동 169-25,서울특별시 동대문구 신이문로24길 36 1층 (이문동),신선순대,20200000000000.0,I,04:00.0,기타,205829.1026,455451.144,,0.0,0,순대,{}
영업/정상,,서울특별시 동대문구 이문동 64 쌍용아파트,서울특별시 동대문구 한천로58길 47 지하1층 101호키친17호 (이문동 쌍용아파트),1989마라탕,20200000000000.0,I,04:00.0,기타,205980.7722,455275.8359,,4.6,43,0,{}
영업/정상,,서울특별시 동대문구 이문동 264-445,서울특별시 동대문구 천장산로 47 제지층 제가의1호 (이문동),삼성명가식당,20200000000000.0,I,07:00.0,한식,204991.5944,455332.2945,,0.0,0,한식,{}
영업/정상,,서울특별시 동대문구 이문동 255-23,서울특별시 동대문구 이문로 193 1층 (이문동),유앤미(u and me),20200000000000.0,I,01:00.0,기타,205391.6479,455722.9956,,5.0,0,디저트카페,"{'아메리카노': '3,000'}"
영업/정상,,서울특별시 동대문구 이문동 238-15,서울특별시 동대문구 신이문로 21 1층 (이문동),부엉이곱창,20200000000000.0,I,01:00.0,기타,205629.9983,455648.2078,,5.0,0,"곱창,막창",{}
영업/정상,,서울특별시 동대문구 이문동 64 쌍용아파트,서울특별시 동대문구 한천로58길 47 상가동 지하층 101(주방8호)호 (이문동 쌍용아파트),당신은지금치킨이땡긴다,20200000000000.0,U,01:00.0,호프/통닭,205980.7722,455275.8359,,4.4,5,치킨,{}
영업/정상,,서울특별시 동대문구 이문동 64 쌍용아파트,서울특별시 동대문구 한천로58길 47 상가동 지하층 101(주방10호)호 (이문동 쌍용아파트),야식파티,20200000000000.0,I,06:00.0,한식,205980.7722,455275.8359,,0.0,1,야식,{}
영업/정상,,서울특별시 동대문구 이문동 288-48,서울특별시 동대문구 휘경로 8 2층 (이문동),일미리금계찜닭,20200000000000.0,I,01:00.0,한식,205308.5283,454853.5104,,5.0,8,닭요리,{}
영업/정상,,서울특별시 동대문구 이문동 220-105,서울특별시 동대문구 신이문로 39 1층 (이문동),닛시스시,20200000000000.0,I,04:00.0,일식,205793.7898,455659.5871,,4.4,25,"초밥,롤","{'광어 (2pcs)': '3,500', '도미 (2pcs)': '3,500', '숭어 (2pcs)': '2,800', '새우 (2pcs)': '2,800', '모듬 초밥 (12pcs)': '18,000'}"
영업/정상,,서울특별시 동대문구 이문동 236-12,서울특별시 동대문구 신이문로23길 19 1층 (이문동),오늘저녁,20200000000000.0,I,03:00.0,기타,205691.6468,455695.0518,,2.6,34,떡볶이,"{'즉석떡볶이 (3인분)': '10,000', '즉석떡볶이 (2인분)': '8,000', '피자떡볶이 (3인분)': '11,000', '피자떡볶이 (2인분)': '9,000'}"
영업/정상,,서울특별시 동대문구 이문동 334-13,서울특별시 동대문구 회기로25길 101-13 1층 (이문동),신보,20200000000000.0,I,07:00.0,기타,205024.1651,454698.6,,5.0,6,카페,{}
영업/정상,,서울특별시 동대문구 이문동 64 쌍용아파트,서울특별시 동대문구 한천로58길 47 쌍용아파트 상가동 지하1층 주방28호 (이문동 쌍용아파트),윤양식,20200000000000.0,I,07:00.0,기타,205980.7722,455275.8359,,0.0,0,양식,{}
영업/정상,,서울특별시 동대문구 이문동 339-1,서울특별시 동대문구 경희대로4길 79 1층 (이문동),츄르케이크,20200000000000.0,I,09:00.0,기타,204920.3401,454348.4207,,1.0,1,"제과,베이커리",{}
영업/정상,221358052,서울특별시 동대문구 이문동 288-18,서울특별시 동대문구 이문로30길 8 1층 (이문동),영웅전,20200000000000.0,I,01:00.0,기타,205319.9252,454967.5062,,0.0,1,"호프,요리주점",{}
영업/정상,,서울특별시 동대문구 이문동 64 쌍용아파트,서울특별시 동대문구 한천로58길 47 지하1층 101호 주방27호 (이문동 쌍용아파트),이태리국수,20200000000000.0,I,04:00.0,경양식,205980.7722,455275.8359,,0.0,1,양식,{}
영업/정상,,서울특별시 동대문구 이문동 287-41,서울특별시 동대문구 이문로28길 4 1층 (이문동),빈스독,20200000000000.0,I,07:00.0,호프/통닭,205239.953,454835.9348,,5.0,3,애견카페,"{'아메리카노': '2,800', '카페라떼': '3,700', '생딸기라떼': '4,500', '복숭아아이스티': '3,000', '초코라떼': '3,700'}"
영업/정상,,서울특별시 동대문구 이문동 291-90,서울특별시 동대문구 천장산로 3 1층 (이문동),페리카나 외대점,20200000000000.0,I,06:00.0,기타,205281.1507,455024.4277,,4.5,0,치킨,{}
영업/정상,,서울특별시 동대문구 이문동 288-53,서울특별시 동대문구 휘경로 6-8 1층 (이문동),이문동신냉면,20200000000000.0,I,08:00.0,기타,205281.4702,454831.7569,,4.7,48,냉면,{}
영업/정상,,서울특별시 동대문구 이문동 64 쌍용아파트,서울특별시 동대문구 한천로58길 47 상가동 2층 210호 (이문동 쌍용아파트),힐링인사이드,20200000000000.0,I,04:00.0,기타,205980.7722,455275.8359,,0.0,0,한식,{}
영업/정상,,서울특별시 동대문구 이문동 288-36,서울특별시 동대문구 휘경로 7 3층 (이문동),칠아웃(chill out),20200000000000.0,I,08:00.0,기타,205323.4364,454887.1315,,0.0,1,칵테일바,{}
영업/정상,,서울특별시 동대문구 이문동 305-75,서울특별시 동대문구 휘경로2길 5-4 지하1층 (이문동),씹는곱창,20200000000000.0,I,01:00.0,기타,205338.5698,454806.3761,,4.5,107,"곱창,막창","{'소곱창 (200g)': '13,900', '소막창 (200g)': '13,900', '소대창 (200g)': '15,900', '염통 (150g)': '10,000', '소곱창전골': '30,000'}"
영업/정상,,서울특별시 동대문구 이문동 64 쌍용아파트,서울특별시 동대문구 한천로58길 47 상가동 자하1층 101(주방25호)호 (이문동 쌍용아파트),따봉마라탕,20200000000000.0,I,09:00.0,기타,205980.7722,455275.8359,,0.0,0,중식,{}
영업/정상,,서울특별시 동대문구 이문동 64 쌍용아파트,서울특별시 동대문구 한천로58길 47 상가동 지하층 101(주방11호)호 (이문동 쌍용아파트),버텍스 이문점,20200000000000.0,I,00:00.0,기타,205980.7722,455275.8359,,0.0,0,퓨전요리,{}
영업/정상,,서울특별시 동대문구 이문동 264-445,서울특별시 동대문구 천장산로 47 1층 1213호 (이문동),나커피,20200000000000.0,I,01:00.0,기타,204991.5944,455332.2945,,0.0,0,커피전문점,{}
영업/정상,,서울특별시 동대문구 이문동 257-17,서울특별시 동대문구 이문로 147 23층 (이문동),행복한뷔페,20200000000000.0,I,06:00.0,한식,205380.5864,455273.1971,,0.0,0,한식뷔페,{}
영업/정상,,서울특별시 동대문구 이문동 64 쌍용아파트,서울특별시 동대문구 한천로58길 47 상가동 지하1층 주방24호 (이문동 쌍용아파트),우쿠야,20200000000000.0,I,05:00.0,기타,205980.7722,455275.8359,,5.0,1,0,{}
영업/정상,,서울특별시 동대문구 이문동 430 황지클래스,서울특별시 동대문구 신이문로 17 제101동 101 호 (이문동 황지클래스),우리동네,20200000000000.0,I,07:00.0,기타,205598.1257,455666.92,,4.5,2,카페,"{'아메리카노': '2,700', '카페라떼': '3,500', '녹차라떼': '3,500', '얼그레이': '2,500', '오레오생크림': '5,000'}"
영업/정상,,서울특별시 동대문구 이문동 326-8,서울특별시 동대문구 이문로 88-15 1층 (이문동),구백냥곱창,20200000000000.0,I,05:00.0,기타,205228.4615,454732.4684,,0.0,0,한식,{}
영업/정상,,서울특별시 동대문구 이문동 339-1,서울특별시 동대문구 경희대로4길 79 1층 104호 (이문동),춘리마라탕 회기역점,20200000000000.0,I,00:00.0,기타,204920.3401,454348.4207,,5.0,1,중식,{}
영업/정상,,서울특별시 동대문구 이문동 287-50,서울특별시 동대문구 이문로28길 12 2층 (이문동),오색칼국수,20200000000000.0,I,09:00.0,한식,205263.0737,454815.6237,,2.3,7,국수,"{'오색바지락칼국수': '5,000', '웰빙만두국': '5,000', '제육볶음': '5,000', '오색칼국수 + 주먹밥': 0, '쭈꾸미덮밥 + 된장찌개': 0}"
영업/정상,209618047,서울특별시 동대문구 이문동 177-68번지 (한천로 436),서울특별시 동대문구 한천로 436 (이문동(한천로 436)),윤,20100000000000.0,I,59:59.0,다방,205925.4962,455243.1684,다방,3.1,0,피부과,{}
영업/정상,02 9643922,서울특별시 동대문구 이문동 288-65번지 (이문로 108),서울특별시 동대문구 이문로 108 (이문동(이문로 108)),코니아일랜드,20100000000000.0,I,59:59.0,기타 휴게음식점,205255.717,454871.6255,기타 휴게음식점,0.0,0,음식점,{}
영업/정상,02 9681588,서울특별시 동대문구 이문동 257-18번지 1층101호,서울특별시 동대문구 이문로 145 1층 101호 (이문동),피자헛외대점,20200000000000.0,U,40:00.0,패스트푸드,205375.8579,455253.3329,패스트푸드,3.0,3,피자,"{'마니아 허니버터옥수수': '26,900', '마니아 미트킹': '26,900', '마니아 BBQ불고기': '26,900', '(7,000원 할인가) 티본스테이크&쉬림프': '28,900', '(7,000원 할인가) 더블치즈 티본스테이크': '28,900', '수퍼슈프림': '23,900', '(7,000원 할인가) 로스트 비프': '28,900', '(7,000원 할인가) 리얼 하프앤하프': '28,900', '(7,000원 할인가) 갈릭버터 쉬림프': '28,900', '(7,000원 할인가) 수퍼 슈프림': '27,900', '(7,000원 할인가) 치즈킹': '28,900', '(7,000원 할인가) 베이컨 포테이토': '27,900', '(7,000원 할인가) 직화불고기': '28,900'}"
영업/정상,264080707,서울특별시 동대문구 이문동 264-303번지 1층,서울특별시 동대문구 이문로9나길 6-13 1층 (이문동),코너샵카페,20100000000000.0,I,59:59.0,커피숍,204909.1645,455103.6585,커피숍,5.0,6,카페,{}
영업/정상,230151749,서울특별시 동대문구 이문동 305-60번지,서울특별시 동대문구 휘경로 12-1 1 2 지하1층 (이문동),스타벅스외대점,20200000000000.0,U,40:00.0,커피숍,205353.6245,454828.6061,커피숍,4.8,8,커피전문점,"{'토피 넛 라떼': '5,800', '아이스 토피 넛 라떼': '5,800', '토피 넛 프라푸치노': '6,300', '토피 넛 콜드 브루': '5,800', '핑크 캐모마일 릴렉서': '6,100', '아이스 핑크 캐모마일 릴렉서': '6,100', '오늘의 커피': '3,800', '카푸치노': '4,600', '카페 라떼': '4,600', '카페 모카': '5,100', '카페 아메리카노': '4,100', '카라멜 마키아또': '5,600', '화이트 초콜릿 모카': '5,600', '스타벅스 돌체 라떼': '5,600', '자바 칩 프라푸치노': '6,100', '망고 바나나 블렌디드': '6,300', '아이스 자몽 허니 블랙 티': '5,300', '자몽 허니 블랙 티': '5,300', '콜드 브루': '4,500', '디카페인 카페 아메리카노': '4,400', '디카페인 카페 라떼': '4,900', '': ''}"
영업/정상,02  967 6165,서울특별시 동대문구 이문동 305-59 (휘경로 12),서울특별시 동대문구 휘경로 12 (이문동(휘경로 12)),이디야,20200000000000.0,U,08:00.0,일반조리판매,205341.6738,454835.6676,,0.0,1,커피전문점,"{'콜드브루 니트로': 0, '민트모카': 0, '바닐라 라떼': 0, '카라멜 마끼아또': 0, '카페 라떼': 0, '카페 아메리카노': 0, '카페모카': 0, '카푸치노': 0, '화이트 초콜릿 모카': 0, '콜드브루라떼': 0, '콜드브루 화이트 비엔나': 0, '이곡라떼': 0}"
영업/정상,02  548 0552,서울특별시 동대문구 이문동 288-94 1~3층,서울특별시 동대문구 이문로 106 (이문동1~3층),(주)커피빈코리아 외대앞점,20200000000000.0,U,06:00.0,커피숍,205248.3778,454860.2028,,4.7,5,커피전문점,"{'아메리카노': 0, '헤이즐넛 아메리카노': 0, '바닐라라떼': 0, '헤이즐넛 라떼': 0, '콜드브루': 0, '콜드브루 수아': 0, '얼그레이 레몬티': 0, '레몬유자 캐모마일티': 0, '스파클링 스웨디쉬 레몬티': 0, '헤이즐넛 아이스 블렌디드': 0, '블랙 포레스트 아이스 블렌디드': 0, '퓨어 더블 초코렛 아이스 블렌디드': 0, '후레쉬 망고 아이스 블렌디드': 0, '베리베리 아이스 블렌디드': 0}"
영업/정상,,서울특별시 동대문구 이문동 264-325번지 1층,서울특별시 동대문구 이문로9나길 32 1층 (이문동),포레스티,20100000000000.0,I,59:59.0,커피숍,204867.1756,455100.6049,커피숍,4.5,88,카페,"{'아메리카노': '3,800', '카페라떼': '4,800', '자몽 수제청 에이드': '5,500', '햄치즈 루꼴라': '5,800', '그랜베리치킨 샌드위치': '5,800'}"
영업/정상,02  63266662,서울특별시 동대문구 이문동 264-350번지,서울특별시 동대문구 천장산로7길 54 지하1층 (이문동),치즈밥있슈,20200000000000.0,U,40:00.0,패스트푸드,204774.103,455110.5498,패스트푸드,1.3,2,한식,"{'김치 베이컨 치즈밥(보통)': '6,000', '스팸 치즈밥(보통)': '6,000', '제육 치즈밥(보통)': '6,000', '카레 갈비 치즈밥(보통)': '6,000', '김치참치 치즈밥(보통)': '6,000'}"
영업/정상,960 5958,서울특별시 동대문구 이문동 363-7번지 (지상1층),서울특별시 동대문구 휘경로 21 (이문동(지상1층)),배스킨라빈스 외대점,20100000000000.0,I,59:59.0,일반조리판매,205440.2108,454817.5617,일반조리판매,3.8,2,아이스크림,"{'나눠먹는 와츄원': '32,000', '바로먹는 와츄원': '31,000', '버라이어티팩': '18,400', '핸드팩세트': '31,000', '파인트': '8,200', '쿼터': '15,500', '패밀리': '22,000', '핑크 구름 솜사탕': '24,000', '시크릿 라이언': '28,000', '달콤한 선물상자': '26,000', '27 큐브 케이크': '28,000', '시크릿 어피치': '28,000', '스마일 스노우 블러섬': '26,000', '하프갤론': '26,500', '나눠먹는 큐브 와츄원': '33,000', '듀얼와츄원NO.9': '30,000', '해피데이 카카오프렌즈': '29,000', '골라먹는 와츄원': '26,000', '해피 버스데이 케이크': '26,000', '빙그르르 마카롱': '25,000'}"
영업/정상,960 0233,서울특별시 동대문구 이문동 305-61번지 지상1층,서울특별시 동대문구 휘경로 14 (이문동지상1층),피자스쿨 외대앞역점,20100000000000.0,I,59:59.0,패스트푸드,205363.8173,454822.4609,패스트푸드,1.8,3,피자,"{'고구마피자': 0, '까르보네피자': 0, '깐쇼새우피자': 0, '나폴리피자': 0, '닭안심살피자': 0, '도이치바이트피자': 0, '멕시칸바이트피자': 0, '불고기피자': 0, '비프퀘사디아피자': 0, '스테이크피자': 0, '아이리쉬포테이토피자': 0, '아채퀘사디아피자': 0, '직화파인애플피자': 0, '직화홀릭바이트피자': 0, '치즈피자': 0, '치킨퀘사디아피자': 0, '콤비네이션피자': 0, '페퍼로니피자': 0, '포테이토피자': 0, '핫치킨피자': 0, '더블갈릭바베큐피자': 0, '': 0}"
영업/정상,,서울특별시 동대문구 이문동 164-13번지 지상1층,서울특별시 동대문구 신이문로 14 (이문동지상1층),빨간오뎅,20200000000000.0,I,59:59.0,일반조리판매,205543.6045,455616.7201,일반조리판매,0.0,0,실내포장마차,{}
영업/정상,29598572,서울특별시 동대문구 이문동 264-169번지,서울특별시 동대문구 천장산로 26-1 (이문동),이삭토스트,20100000000000.0,I,59:59.0,패스트푸드,205064.4902,455152.4177,패스트푸드,4.5,3,토스트,"{'칠리새우 토스트': '4,200', '트리플소세지 토스트': '4,700', '더블소세지 토스트': '4,200', '새우 토스트': '4,200', '햄치즈포테이토': '3,600', '딥치즈베이컨포테이토': '4,400', '딥치즈베이컨 토스트': '3,800', '베이컨포테이토피자': '4,800', '불갈비mvp 토스트': '4,200'}"
영업/정상,,서울특별시 동대문구 이문동 288-7 그레이스 힐 타운,서울특별시 동대문구 이문로 116 101호 (이문동 그레이스 힐 타운),서브웨이(Subway)외대점,20200000000000.0,U,08:00.0,패스트푸드,205363.8173,454822.4609,,4.0,2,샌드위치,"{'풀드포크': 0, '로스트 치킨': 0, '미트볼': 0, '에그마요': 0, '참치': 0, '터키 베이커 아보카도 찹 샐러드': 0}"
영업/정상,9640711,서울특별시 동대문구 이문동 346-5번지,서울특별시 동대문구 이문로9길 46 (이문동),세븐일레븐(경희대기숙사점),20100000000000.0,I,59:59.0,일반조리판매,204923.2811,454661.9904,일반조리판매,1.0,0,편의점,"{'2+1 서울)커피우유300ml': '1,650', '2+1 빙그레)요플레프로틴딸기바나나': '2,900', '수미네)오늘도시락_오리&돈불': '5,000', '롯데)골드치킨도시락': '4,500', '장충동)머릿고기250g': '8,900', '굿지앤)참나무훈제통닭구이600g': '9,900', 'PB)깊은산속옹달샘물2L': '1,200', '대향)군고구마': '2,000', '롯데)NEW반반닭강정': '9,900', '롯데)New11찬도시락': '4,900'}"
영업/정상,,서울특별시 동대문구 이문동 335-13번지 1층 외 1필지,서울특별시 동대문구 이문로 73 1층 (이문동 외 1필지),카페 꾸오레,20200000000000.0,I,59:59.0,커피숍,205071.9066,454620.0541,커피숍,3.8,0,카페,{}
영업/정상,,서울특별시 동대문구 이문동 305-152번지,서울특별시 동대문구 휘경로 17 (이문동),버블트리,20100000000000.0,I,59:59.0,일반조리판매,205420.5899,454834.7658,일반조리판매,0.0,0,카페,{}
영업/정상,9604548,서울특별시 동대문구 이문동 341-26 1층,서울특별시 동대문구 이문로 59 (이문동1층),쉴만한물가,20200000000000.0,U,05:00.0,일반조리판매,205011.7349,454489.7384,,4.6,167,커피전문점,{}
영업/정상,,서울특별시 동대문구 이문동 264-173번지 1층,서울특별시 동대문구 천장산로4길 48 1층 (이문동),커피디엔에이로스팅컴퍼니,20200000000000.0,U,40:00.0,커피숍,205038.6986,455192.4743,커피숍,0.0,0,커피전문점,{}
영업/정상,,서울특별시 동대문구 이문동 326-5번지 1층,서울특별시 동대문구 이문로 92 1층 (이문동),까페꽁벨렝,20200000000000.0,I,59:59.0,커피숍,205188.3196,454743.5473,커피숍,5.0,5,카페,{}
영업/정상,02  21555752,서울특별시 동대문구 이문동 270-1 한국외대 사이버관 1층,서울특별시 동대문구 이문로 107 1층 (이문동 한국외대 사이버관),아티제 외대점,20200000000000.0,U,03:00.0,커피숍,205114.8308,455013.6447,,4.5,648,"제과,베이커리","{'로열자몽티': '6,500', '바닐라 라떼': '5,700', '카페라떼': '5,200', '카페 아메리카노': '4,700', '카푸치노': '5,200'}"
영업/정상,,서울특별시 동대문구 이문동 305-151번지 12층,서울특별시 동대문구 휘경로 15 12층 (이문동),맥도날드 한국외대점,20200000000000.0,U,40:00.0,기타 휴게음식점,205403.4448,454846.0566,기타 휴게음식점,4.5,2187,패스트푸드,"{'빅맥': 0, '더블 불고기 버거': 0, '슈비버거': 0, '슈슈버거': 0, '맥스파이시 상하이 버거': 0, '아메리카노': 0, '1955버거': 0, '오레오 맥플러리': 0, '딸기 오레오 맥플러리': 0, '초코 오레오 맥플러리': 0, '배칠러': 0, '에그 불고기버거': 0, '타로파이': 0, '필레오피쉬': 0}"
영업/정상,02 9668495,서울특별시 동대문구 이문동 324-10번지 민족통일대통령빌딩,서울특별시 동대문구 이문로 88 1층 102호 (이문동 민족통일대통령빌딩),피자알볼로 이문회기점,20200000000000.0,I,59:59.0,일반조리판매,205170.9358,454707.5241,일반조리판매,3.7,1,피자,"{'쏘옥피자': '21,000', '쉬림프&핫치킨골드피자': '26,000', '날개피자': '26,000', '서울핫도그피자': '24,000', '팔자피자': '21,000', '옥수수피자': '19,000', '어깨피자': '24,000', '꿈을피자': '24,000', '목동피자': '19,000', '팔도피자': '28,000', '포테이토피자': '17,000', '수퍼디럭스콤비네이션피자': '17,000', '베이컨체다치즈피자': '17,000', '페페로니피자': '16,000', '불고기피자': '17,000', '전주불백피자': '21,000', '웃음꽃피자': '21,000', '야채피자': '16,000', '하와이안피자': '16,000', '치즈피자': '16,000'}"
영업/정상,,서울특별시 동대문구 이문동 317-11,서울특별시 동대문구 휘경로2길 39 1층 (이문동),아임파이 외대점,20200000000000.0,U,06:00.0,기타 휴게음식점,205249.3254,454685.6756,,4.7,154,"제과,베이커리","{'아메리카노': '3,800', '라떼': '4,300', '애플시나몬티': '4,500', '쿠키홍차': '4,500', '머스캣홍차': '4,500'}"
영업/정상,,서울특별시 동대문구 이문동 54번지 현대아파트 상가동 105호,서울특별시 동대문구 한천로58길 107 상가동 1층 105호 (이문동 현대아파트),카페슈몽,20100000000000.0,I,59:59.0,커피숍,206128.8681,455449.9033,커피숍,5.0,0,커피전문점,"{'에스프레소': '2,500', '아메리카노': '2,500', '카푸치노': '3,000', '카페라테': '3,000', '카라멜 마키아토': '3,500'}"
영업/정상,02 9604369,서울특별시 동대문구 이문동 264-205번지 민영빌딩,서울특별시 동대문구 천장산로 39 민영빌딩 1층 (이문동),자연밥상,20200000000000.0,U,40:00.0,일반조리판매,205018.5964,455257.9668,일반조리판매,4.9,7,한식,"{'마늘 닭가슴살 스테이크': '7,500', '토마토 자연카레': '7,500', '순살 김치찌개': '7,000', '엄나무 닭곰탕': '7,000', '들깨장 비빔밥': '7,000', '검은콩 두부비빔밥': '6,500', '떡국': '6,500', '호박죽': '7,000'}"
영업/정상,,서울특별시 동대문구 이문동 305-59번지,서울특별시 동대문구 휘경로 12 1층 (이문동),문립 외대점,20200000000000.0,I,59:59.0,기타 휴게음식점,205341.6738,454835.6676,기타 휴게음식점,0.0,0,카페,"{'얼그레이티': '3,200', '자스민그린티': '3,200', '우롱티': '3,200', '블랙밀크티': '3,500', '자스민밀크티': '3,500'}"
영업/정상,,서울특별시 동대문구 이문동 349-13번지 이문상가,서울특별시 동대문구 이문로9길 105-8 이문상가 지하1층 (이문동),제제커피,20200000000000.0,U,40:00.0,커피숍,204899.1767,454925.5363,커피숍,0.0,0,카페,{}
영업/정상,,서울특별시 동대문구 이문동 288-48 1층,서울특별시 동대문구 휘경로 8 1층 (이문동),쥬씨&차얌(외대점),20200000000000.0,U,01:00.0,커피숍,205308.5283,454853.5104,,2.0,0,생과일전문점,"{'복숭아아이스티': 0, '딸기바나나': 0, '아메리카노': 0, '오렌지': 0, '초코바나나': 0, '수박오리지널': 0}"
영업/정상,,서울특별시 동대문구 이문동 288-26번지,서울특별시 동대문구 휘경로 5-1 1층 (이문동),롯데리아 외대역점,20200000000000.0,U,40:00.0,패스트푸드,205309.7434,454890.591,패스트푸드,4.8,1,패스트푸드,"{'블랙오징어버거': '4,000', 'NEW 한우불고기버거': '7,200', '불고기버거': '3,900', '사각새우더블버거': '4,500', '1인혼닭세트': '10,900', 'NEW홈패밀리팩': '18,400', 'NEW홈투게더팩-사이다': '11,300', '폴더버거비프': '5,800', 'NEW홈더블팩-사이다': '13,700', 'NEW홈패밀리팩-사이다': '18,400', '리아미라클버거': '5,700', '와규에디션Ⅱ': '6,000', 'NEW홈투게더팩': '11,300', 'DoubleX2버거': '5,700', 'NEW홈더블팩': '13,700', '새우버거': '3,900', '치킨버거': '3,100', '모짜렐라 인더 버거-베이컨': '6,200', '데리버거': '2,700', '원조빅불': '5,900'}"
영업/정상,,서울특별시 동대문구 이문동 264-223번지,서울특별시 동대문구 천장산로7길 16 1층 (이문동),커피베이 이문점,20200000000000.0,I,59:59.0,커피숍,204962.6147,455134.5398,커피숍,0.0,0,커피전문점,"{'아이스 아메리카노': 0, '카페모카': 0, '카라멜 마끼아또': 0, '아이스 카푸치노': 0, '레몬 에이드': 0, '유자차': 0, '얼그레이 클래식': 0, '허니 갈릭 부기브레드': 0}"
영업/정상,02 5442196,서울특별시 동대문구 이문동 264-375번지,서울특별시 동대문구 천장산로7길 64 1층 (이문동),플로릭카페,20200000000000.0,I,59:59.0,커피숍,204728.0709,455104.6488,커피숍,4.0,3,테마카페,{}
영업/정상,,서울특별시 동대문구 이문동 305-152번지,서울특별시 동대문구 휘경로 17 1층 (이문동),빽다방 외대역점,20200000000000.0,U,40:00.0,커피숍,205420.5899,454834.7658,커피숍,3.0,1,커피전문점,"{'원조커피': 0, '카라멜마키아또': 0, '카페모카': 0, '녹차라떼': 0, '달콤아이스티': 0, '사라다빵': 0, '완전초코': 0, '앗!메리카노': 0, '빽’s라떼': 0}"
영업/정상,,서울특별시 동대문구 이문동 287-36번지,서울특별시 동대문구 이문로 96-1 1층 (이문동),카페가성비,20200000000000.0,U,40:00.0,커피숍,205207.5555,454791.89700000000,커피숍,3.5,2,카페,"{'아메리카노 (L)': '1,800', '카페 라떼 (L)': '2,800', '콜드브루 아메리카노 (L)': '3,000', '초코 라떼 (L)': '3,500', '복숭아 아이스티 (L)': '3,000'}"
영업/정상,,서울특별시 동대문구 이문동 305-63번지,서울특별시 동대문구 휘경로 18 지상1층 (이문동),요고요고,20200000000000.0,I,59:59.0,기타 휴게음식점,205386.1058,454809.1826,기타 휴게음식점,0.0,4,디저트카페,"{'생과일쥬스(M)': '1,500', '생과일 요거트 버블티(L)': '2,500', '아메리카노(M)': '1,000', '카페라떼(M)': '1,500', '복숭아 아이스티': '1,500'}"
영업/정상,232955590,서울특별시 동대문구 이문동 264-409,서울특별시 동대문구 천장산로7길 4 지상1층 (이문동),놀숲외대후문점,20200000000000.0,U,09:00.0,기타 휴게음식점,205011.5315,455155.6478,,1.8,0,만화카페,"{'1시간+음료': '5,000', '2시간+음료': '8,000', '3시간+음료': '10,000', '4시간+음료': '15,000'}"
영업/정상,,서울특별시 동대문구 이문동 264-313번지,서울특별시 동대문구 천장산로7길 29 지상1층 (이문동),카페.김랩,20200000000000.0,I,59:59.0,기타 휴게음식점,204896.3591,455103.3898,기타 휴게음식점,5.0,1,카페,"{'아메리카노': '3,500', '카페라떼': '4,300', '시나몬라떼': '4,500', '녹차라떼': '5,000', '딸기라떼': '5,500'}"
영업/정상,,서울특별시 동대문구 이문동 329-1번지,서울특별시 동대문구 이문로 93 12층 101201호 (이문동),스타벅스외대정문점,20200000000000.0,U,40:00.0,커피숍,205162.3148,454785.7313,커피숍,3.3,9,커피전문점,"{'토피 넛 라떼': '5,800', '아이스 토피 넛 라떼': '5,800', '토피 넛 프라푸치노': '6,300', '토피 넛 콜드 브루': '5,800', '핑크 캐모마일 릴렉서': '6,100', '아이스 핑크 캐모마일 릴렉서': '6,100', '오늘의 커피': '3,800', '카푸치노': '4,600', '카페 라떼': '4,600', '카페 모카': '5,100', '카페 아메리카노': '4,100', '카라멜 마키아또': '5,600', '화이트 초콜릿 모카': '5,600', '스타벅스 돌체 라떼': '5,600', '자바 칩 프라푸치노': '6,100', '망고 바나나 블렌디드': '6,300', '아이스 자몽 허니 블랙 티': '5,300', '자몽 허니 블랙 티': '5,300', '콜드 브루': '4,500', '디카페인 카페 아메리카노': '4,400', '디카페인 카페 라떼': '4,900', '': ''}"
영업/정상,,서울특별시 동대문구 이문동 331-8번지,서울특별시 동대문구 이문로25길 36 1층 (이문동),물고기,20200000000000.0,U,40:00.0,기타 휴게음식점,205264.8335,455061.6397,기타 휴게음식점,4.6,28,분식,"{'물고기김밥': '3,800', '참치김밥': '4,300', '치즈김밥': '4,300', '매운오뎅김밥': '4,300', '멸치견과류김밥': '4,500'}"
영업/정상,,서울특별시 동대문구 이문동 270-1,서울특별시 동대문구 이문로 107 지하1층 (이문동),그라찌에 외대점,20200000000000.0,U,04:00.0,커피숍,205114.8308,455013.6447,,4.5,17,커피전문점,{}
영업/정상,,서울특별시 동대문구 이문동 288-25번지,서울특별시 동대문구 휘경로 5 1층 (이문동),매머드익스프레스 외대점,20200000000000.0,I,59:59.0,커피숍,205299.8164,454895.7879,커피숍,4.6,1003,커피전문점,"{'콜드브루': 0, '아메리카노': 0, '꿀 커피': 0, '카페 라떼': 0, '꿀 라떼': 0, '바닐라 라떼': 0, '아몬드 라떼': 0, '카페 모카': 0, '초코 라떼 (L)': 0, '초코 라떼 (M)': 0, '초코 라떼 (S)': 0, '자몽티 (M)': 0, '인크레드볼 (M)': 0, '크림 수프 (S)': 0, '야채 수프 (S)': 0}"
영업/정상,,서울특별시 동대문구 이문동 270-1번지,서울특별시 동대문구 이문로 107 1층 (이문동),에스티앤(STN)커피숍,20200000000000.0,U,40:00.0,기타 휴게음식점,205114.8308,455013.6447,기타 휴게음식점,0.0,0,카페,{}
영업/정상,,서울특별시 동대문구 이문동 288-65번지,서울특별시 동대문구 이문로 108 2층 (이문동),맘스터치(외대점),20200000000000.0,I,59:59.0,패스트푸드,205255.717,454871.6255,패스트푸드,2.1,3,패스트푸드,"{'딥치즈버거': 0, '싸이버거': 0, '디럭스불고기버거': 0, '화이트갈릭버거': 0, '휠렛버거': 0, '불사치킨': 0, '케이준윙': 0, '언빌리버블버거': 0, '인크레더블버거': 0, '살사리코버거': 0, '리얼비프버거': 0, '싸이플렉스버거': 0}"
영업/정상,,서울특별시 동대문구 이문동 238-18번지,서울특별시 동대문구 신이문로 19 1층 (이문동),이디야이문점,20200000000000.0,I,59:59.0,커피숍,205601.7871,455646.7601,커피숍,0.0,1,커피전문점,"{'콜드브루 니트로': 0, '민트모카': 0, '바닐라 라떼': 0, '카라멜 마끼아또': 0, '카페 라떼': 0, '카페 아메리카노': 0, '카페모카': 0, '카푸치노': 0, '화이트 초콜릿 모카': 0, '콜드브루라떼': 0, '콜드브루 화이트 비엔나': 0, '이곡라떼': 0}"
영업/정상,,서울특별시 동대문구 이문동 305-132번지,서울특별시 동대문구 휘경로 22 1층 (이문동),명랑시대쌀핫도그외대점,20200000000000.0,I,59:59.0,기타 휴게음식점,205431.7096,454780.3803,기타 휴게음식점,4.5,5,패스트푸드,{'명랑핫볶이': 0}
영업/정상,,서울특별시 동대문구 이문동 264-410번지,서울특별시 동대문구 천장산로7길 10-3 지하1층 (이문동),멜팅폼,20200000000000.0,U,40:00.0,커피숍,204975.4993,455155.3857,커피숍,4.0,57,테마카페,"{'아메리카노': '4,000', '카페라떼': '4,500', '딸기라떼': '6,500', '플레인 요거트 스무디': '6,000', '레몬에이드': '5,500'}"
영업/정상,,서울특별시 동대문구 이문동 346-45번지,서울특별시 동대문구 이문로 65 1층 (이문동),허부자꽈배기,20200000000000.0,I,59:59.0,기타 휴게음식점,205032.8703,454533.4788,기타 휴게음식점,5.0,2,도넛,"{'꽈배기': 0, '커피': 0}"
영업/정상,,서울특별시 동대문구 이문동 175-1번지,서울특별시 동대문구 외대역동로27길 82 1층 (이문동),5번출구,20200000000000.0,I,59:59.0,커피숍,205865.0743,455383.3598,커피숍,5.0,0,카페,{}
영업/정상,,서울특별시 동대문구 이문동 220-337번지,서울특별시 동대문구 한천로63길 17 1층 (이문동),서울쉬퐁,20200000000000.0,I,59:59.0,커피숍,205805.5344,455735.6445,커피숍,4.0,6,"제과,베이커리","{'아메리카노': '2,500', '카페라떼': '3,000', '초코라떼': '3,500', '레몬에이드': '3,500', '얼그레이': '3,000'}"
영업/정상,,서울특별시 동대문구 이문동 270-1번지,서울특별시 동대문구 이문로 107 1층 (이문동 한국외국어대학교대학원),HUFS동문커피,20200000000000.0,I,59:59.0,커피숍,205114.8308,455013.6447,커피숍,0.0,0,커피전문점,{}
영업/정상,264986222,서울특별시 동대문구 이문동 336-3,서울특별시 동대문구 이문로 76 1층 (이문동),아경면선외대점,20200000000000.0,U,09:00.0,일반조리판매,205110.3087,454609.7443,,4.8,16,동남아음식,"{'곱창국수 (중간컵)': '3,900', '차돌국수 (중간컵)': '4,600', '오징어국수 (중간컵)': '3,900', '굴국수 (중간컵)': '3,900', '루로우판': '6,000'}"
영업/정상,,서울특별시 동대문구 이문동 341-60번지,서울특별시 동대문구 회기로25길 59 1층 (이문동),씨위드커피,20200000000000.0,I,59:59.0,커피숍,204942.4912,454457.9769,커피숍,5.0,6,카페,"{'핸드드립': '3,500', '카페오레': '4,000', '코코아': '3,500', '레몬티': '4,000', '레몬에이드': '3,500', '블론드 브라우니': '1,000'}"
영업/정상,,서울특별시 동대문구 이문동 264-370번지,서울특별시 동대문구 천장산로9길 62 1층 (이문동),삼칠공,20200000000000.0,I,59:59.0,일반조리판매,204711.8689,455180.3741,일반조리판매,4.5,1,한식,{}
영업/정상,,서울특별시 동대문구 이문동 345-7번지,서울특별시 동대문구 이문로9길 8 1층 (이문동),카페양귀비,20200000000000.0,U,40:00.0,커피숍,205003.1603,454519.5473,커피숍,4.0,89,카페,"{'아메리카노': '3,500', '카페라떼': '4,000', '카푸치노': '4,000', '카라멜마끼아또': '4,500', '아인슈페너': '4,500'}"
영업/정상,,서울특별시 동대문구 이문동 175-16번지,서울특별시 동대문구 한천로 445 1층 (이문동),더드림착한가게,20200000000000.0,I,59:59.0,커피숍,205883.0334,455330.8683,커피숍,0.0,0,음식점,{}
영업/정상,,서울특별시 동대문구 이문동 288-17번지,서울특별시 동대문구 휘경로 3-13 1층 (이문동),베이크어데이,20200000000000.0,I,37:48.0,커피숍,205311.5607,454949.416,커피숍,5.0,6,"제과,베이커리",{}
영업/정상,,서울특별시 동대문구 이문동 324-49번지,서울특별시 동대문구 이문로 83 2층 (이문동),파파존스 외대경희대점,20200000000000.0,I,20:51.0,패스트푸드,205120.1837,454701.8569,패스트푸드,3.5,1,피자,"{'소시지 레볼루션': '28,500', '미트볼 페퍼로니': '28,500', '위스콘신 치즈 포테이토': '27,500', '수퍼 파파스': '26,500', '존스 페이버릿': '27,500', '파파스 파스타(로제)': '7,900', '아이리쉬 포테이토': '25,500', '스파이시 치킨랜치': '27,500', '핫 치킨 바베큐': '25,500', '올미트': '27,500', '더블 치즈버거': '27,500', '페퍼로니': '23,500', '치킨 바베큐': '25,500', '치킨 수퍼 파파스': '27,500', '프리미엄 직화불고기': '27,500', '하와이안': '24,500', '마가리타': '21,500', '식스 치즈': '24,500', '가든 스페셜': '24,500', '스파이시 이탈리안': '25,500'}"
영업/정상,,서울특별시 동대문구 이문동 264-236,서울특별시 동대문구 천장산로7길 26-2 2층 (이문동),요띠드,20200000000000.0,U,09:00.0,커피숍,204925.9969,455130.7856,,4.5,34,카페,"{'아마존': '3,800', '셀프요거트(M)': '2,500', '요거트샐러드': '4,000', '연어샐러드': '5,000', '쉬림프또띠아': '4,400'}"
영업/정상,,서울특별시 동대문구 이문동 305-142번지,서울특별시 동대문구 휘경로 24 1층 (이문동),메가엠지씨커피 외대앞역점,20200000000000.0,I,20:08.0,커피숍,205442.2911,454772.4288,커피숍,0.0,0,식품판매,{}
영업/정상,,서울특별시 동대문구 이문동 341-18번지,서울특별시 동대문구 이문로 45 1층 (이문동),모서리,20200000000000.0,I,20:12.0,커피숍,204941.1023,454356.4008,커피숍,4.9,41,카페,"{'아메리카노': '3,500', '카페라떼': '4,000', '복숭아아이스티': '3,500', '모서리라떼': '5,000', '딸기라떼': '5,500'}"
영업/정상,,서울특별시 동대문구 이문동 238-18번지,서울특별시 동대문구 신이문로 19 2층 (이문동),수피자,20200000000000.0,I,20:49.0,패스트푸드,205601.7871,455646.7601,패스트푸드,5.0,2,패스트푸드,"{'일반 치즈듬뿍피자 (L)': '18,900', '화끈한 피자 (R)': '17,900', '레몬두부피자 (R)': '17,900', '새우감자말이골드 (R)': '17,900', '바삭링골드 (R)': '17,900'}"
영업/정상,,서울특별시 동대문구 이문동 270-1번지 한국외국어대학교,서울특별시 동대문구 이문로 107 한국외국어대학교 교수회관 1층 (이문동),문화상점 이문일공칠,20200000000000.0,I,23:04.0,커피숍,205114.8308,455013.6447,커피숍,5.0,10,카페,"{'에스프레소': '3,500', '아메리카노': '3,700', '카페 라떼': '4,000', '플레인 요거트 스무디': '5,500', '레몬 에이드': '4,700'}"
영업/정상,,서울특별시 동대문구 이문동 305-94번지 행복하우스,서울특별시 동대문구 휘경로2가길 21 행복하우스 2층 (이문동),로뎀나무,20200000000000.0,I,23:08.0,커피숍,205403.4203,454779.7154,커피숍,0.0,0,한식,{}
영업/정상,,서울특별시 동대문구 이문동 264-363번지,서울특별시 동대문구 천장산로7길 62 2층 (이문동),헬로 펠라스(Hello fellas),20200000000000.0,I,23:25.0,기타 휴게음식점,204741.3626,455106.3525,기타 휴게음식점,4.7,5,카페,"{'아메리카노': '3,000'}"
영업/정상,,서울특별시 동대문구 이문동 345-9번지,서울특별시 동대문구 이문로9길 12 1층 (이문동),이문동떡볶이,20200000000000.0,I,23:23.0,기타 휴게음식점,204976.1169,454529.2031,기타 휴게음식점,0.0,0,떡볶이,{}
영업/정상,,서울특별시 동대문구 이문동 292-10번지 이문동 웰츠타워,서울특별시 동대문구 이문로 136 1층 1F-6호 (이문동 이문동 웰츠타워),카페숲,20200000000000.0,I,23:23.0,커피숍,205396.3637,455131.6832,커피숍,5.0,11,카페,"{'아메리카노': '3,500', '카페라떼': '4,000', '초코라떼': '4,000', '아인슈페너': '4,500', '초코나무 숲속라떼': '5,500'}"
영업/정상,,서울특별시 동대문구 이문동 255-188번지 C&J오피스텔,서울특별시 동대문구 이문로 164 C&J오피스텔 1층 102호 (이문동),릴리엔(lilien),20200000000000.0,I,23:19.0,커피숍,205427.4916,455414.4944,커피숍,4.7,11,0,{}
영업/정상,,서울특별시 동대문구 이문동 360-5 외대앞역,서울특별시 동대문구 휘경로 27 외대앞역 1 2층 (이문동),배's 분식,20200000000000.0,U,00:00.0,기타 휴게음식점,205773.8608,455268.0216,,2.3,0,분식,{}
영업/정상,02  969 6622,서울특별시 동대문구 이문동 304-25,서울특별시 동대문구 휘경로 23 1층 (이문동),와플대학외대캠퍼스,20200000000000.0,I,01:00.0,커피숍,205463.0162,454809.8475,,4.8,2,"제과,베이커리","{'크림와플': 0, '애플시나몬와플': 0, '블루베리와플': 0, '아메리카노': 0, '초코범벅젤라또와플': 0, '루이보스': 0, '스노우와플': 0}"
영업/정상,221733376,서울특별시 동대문구 이문동 284-1 한국외국어대학교,서울특별시 동대문구 이문로 99 한국외국어대학교 1층 (이문동),이문일공칠 2호점,20200000000000.0,I,01:00.0,커피숍,205133.6444,454854.2893,,0.0,0,카페,"{'아메리카노': '3,700', '리얼초코라테': '4,700', '레몬에이드': '5,000', '제주감귤쥬스': '5,500', '복숭아아이스티': '4,000'}"
영업/정상,,서울특별시 동대문구 이문동 325-20 민족통일 대통령 리빙텔,서울특별시 동대문구 이문로 86 민족통일 대통령 리빙텔 2층 201호 (이문동),커피엔스터디카페,20200000000000.0,U,03:00.0,기타 휴게음식점,205168.4709,454684.2714,,3.0,1,"스터디카페,스터디룸",{}
영업/정상,,서울특별시 동대문구 이문동 292-10 이문동 웰츠타워,서울특별시 동대문구 이문로 136 1층 제에프1-16-1호 (이문동 이문동 웰츠타워),까페 라테라,20200000000000.0,I,01:00.0,커피숍,205396.3637,455131.6832,,0.0,0,카페,{}
영업/정상,,서울특별시 동대문구 이문동 270-1 한국외국어대학교,서울특별시 동대문구 이문로 107 한국외국어대학교 1층 (이문동),빵명장외대점,20200000000000.0,U,00:00.0,기타 휴게음식점,205114.8308,455013.6447,,4.0,10,"제과,베이커리",{}
영업/정상,,서울특별시 동대문구 이문동 304-20,서울특별시 동대문구 휘경로5길 3 1층 (이문동),공차 한국외대점,20200000000000.0,U,08:00.0,커피숍,205452.8623,454823.3065,,4.0,1,카페,{}
영업/정상,,서울특별시 동대문구 이문동 254-39,서울특별시 동대문구 이문로50길 5 1층 (이문동),하우드,20200000000000.0,I,09:00.0,기타 휴게음식점,205439.8227,455704.0919,,4.7,36,0,{}
영업/정상,,서울특별시 동대문구 이문동 264-170,서울특별시 동대문구 천장산로 28 1층 (이문동),스택레이어커피,20200000000000.0,I,06:00.0,커피숍,205055.0865,455154.05,,4.9,21,커피전문점,{}
영업/정상,,서울특별시 동대문구 이문동 428 신이문 금호어울림,서울특별시 동대문구 신이문로 9 상가동동 1층 105106호 (이문동 신이문 금호어울림),커피베이(COFFEEBAY)신이문점,20200000000000.0,U,09:00.0,커피숍,205494.3546,455710.6888,,0.0,0,커피전문점,"{'아이스 아메리카노': 0, '카페모카': 0, '카라멜 마끼아또': 0, '아이스 카푸치노': 0, '레몬 에이드': 0, '유자차': 0, '얼그레이 클래식': 0, '허니 갈릭 부기브레드': 0}"
영업/정상,02957 1122,서울특별시 동대문구 이문동 292-32,서울특별시 동대문구 이문로 130 1층 (이문동),데이지김밥,20200000000000.0,I,05:00.0,기타 휴게음식점,205354.5412,455089.9262,,3.5,0,음식점,{}
영업/정상,02969 7005,서울특별시 동대문구 이문동 320-2,서울특별시 동대문구 이문로16길 30 1층 (이문동),날쌘카페 외대경희대점,20200000000000.0,I,05:00.0,기타 휴게음식점,205260.3611,454647.2421,,0.0,1,카페,{}
영업/정상,,서울특별시 동대문구 이문동 238-19,서울특별시 동대문구 신이문로 24 1층 (이문동),고롱,20200000000000.0,I,01:00.0,커피숍,205653.6626,455613.7995,,5.0,0,카페,{}